value,bdrms,non_bdrms,subboroughcode,race,income_tile,year,agperswt
1800000,3,3,5,1,1,2011,20025740
9999999,4,1,10,3,3,2011,96536328
9999999,3,0,8,2,1,2011,1888112
2000000,4,1,7,1,3,2011,113672152
550000,3,1,10,1,1,2011,26173832
500000,3,1,8,1,3,2011,45485408
5162488,3,1,6,1,3,2011,72854976
700000,2,2,6,1,1,2011,15189042
300000,2,0,4,1,3,2011,38159064
1500000,4,2,4,1,3,2011,21861640
750000,4,1,5,3,3,2011,122608560
1200000,3,1,6,1,3,2011,15189042
5162488,5,2,6,1,3,2011,130967824
400000,1,0,4,1,1,2011,21861640
5162488,3,3,5,1,3,2011,41585008
5162488,4,2,1,3,1,2011,20209968
650000,1,0,4,1,3,2011,36208420
400000,2,0,5,1,3,2011,20025740
510000,4,1,8,2,1,2011,18156604
500000,4,1,2,1,1,2011,44021264
400000,2,1,7,2,1,2011,25204430
1000000,5,3,3,1,3,2011,20538370
600000,2,1,4,4,1,2011,20329842
1000000,2,2,1,1,3,2011,58061500
2000000,3,1,5,1,3,2011,54514800
12000,2,1,6,1,3,2011,16552704
2500000,3,1,5,1,3,2011,20025740
1000000,3,1,1,1,3,2011,41969364
9999999,2,1,5,1,3,2011,37876380
750000,2,0,1,1,3,2011,56113356
5162488,3,3,4,1,3,2011,34871672
900000,2,1,5,1,1,2011,20025740
550000,3,1,2,1,3,2011,32163754
300000,2,1,10,1,1,2011,17290180
400000,3,1,4,1,1,2011,18722512
500000,3,1,2,4,3,2011,19097644
1580000,3,0,3,1,3,2011,22620252
5162488,4,2,6,1,1,2011,37445024
30000,2,0,2,3,1,2011,24313652
9999999,3,1,5,3,1,2011,117029264
400000,2,1,4,4,1,2011,21861640
450000,2,1,4,1,3,2011,21861640
800000,2,1,6,1,1,2011,15189042
1023000,3,1,9,3,3,2011,147862224
5162488,4,0,1,1,1,2011,81072168
9999999,1,0,5,3,1,2011,83206000
375000,1,0,6,1,3,2011,15189042
1600000,3,1,5,2,3,2011,20025740
500000,1,1,7,1,1,2011,25204430
750000,2,1,1,1,1,2011,20209968
9999999,3,1,8,2,1,2011,20753122
9999999,2,0,4,1,1,2011,18803070
5162488,4,4,6,3,1,2011,130291488
500000,3,1,5,1,3,2011,40051480
5162488,3,2,6,1,1,2011,51406440
920000,2,0,3,1,1,2011,22620252
1675000,3,3,5,1,1,2011,20025740
1300000,5,0,8,2,1,2011,68897504
400000,2,1,6,1,3,2011,34605060
185000,2,2,6,1,3,2011,30378084
350000,3,1,10,1,3,2011,52347664
700000,2,1,1,1,3,2011,37445024
500000,2,1,4,1,1,2011,21861640
800000,3,1,4,1,3,2011,28056678
700000,2,2,6,1,1,2011,15189042
350000,3,2,5,1,3,2011,20025740
950700,1,1,6,1,3,2011,15189042
480000,2,1,3,1,1,2011,22620252
5162488,4,1,5,1,3,2011,37050020
395000,2,1,2,4,3,2011,41506244
5162488,4,2,5,1,3,2011,87331504
5162488,5,3,6,1,3,2011,49043484
850000,3,1,5,1,3,2011,80604424
2500000,3,2,6,1,3,2011,34605060
1000000,2,0,3,4,1,2011,50576096
950000,3,3,4,1,3,2011,50091664
1500000,2,2,1,1,1,2011,49055020
1150000,3,1,4,1,1,2011,63895232
9956,3,1,9,2,3,2011,17770196
452000,3,1,5,1,3,2011,20792504
26000,2,1,1,4,3,2011,41418908
1000000,8,0,5,1,3,2011,56113356
750000,3,2,4,1,3,2011,21861640
5162488,3,3,6,1,3,2011,49043484
475000,3,1,1,4,3,2011,49055020
2100000,3,1,6,1,3,2011,34605060
900000,3,1,5,2,1,2011,20025740
270000,1,0,4,1,1,2011,18722512
1000000,3,1,1,1,3,2011,24527510
2000000,2,0,1,1,3,2011,49055020
800000,4,2,10,1,1,2011,26173832
1000000,3,1,6,1,1,2011,29508780
1300000,2,1,1,1,1,2011,20209968
400000,3,1,6,1,3,2011,28501140
615000,2,1,4,1,1,2011,34871672
1000000,3,0,6,3,3,2011,96718432
25000,2,1,9,2,3,2011,36799072
800000,3,1,3,1,1,2011,38538772
375000,1,0,1,1,1,2011,20209968
100000,1,0,5,1,1,2011,18938192
250000,5,1,8,2,3,2011,63229488
440000,3,1,5,1,3,2011,37050020
745000,3,1,1,4,3,2011,18722512
5162488,4,3,5,1,3,2011,37050020
500000,2,1,5,1,1,2011,37050020
445000,2,0,6,1,3,2011,34605060
1400000,3,2,5,1,1,2011,20025740
950000,3,2,3,4,3,2011,38538772
500000,2,1,3,1,1,2011,22620252
600000,2,1,2,4,1,2011,44021264
1200000,4,1,8,1,3,2011,36924292
600000,3,1,10,1,3,2011,30202188
735000,2,1,4,3,1,2011,34871672
5162488,4,2,6,1,1,2011,15189042
450000,2,1,6,1,1,2011,65286052
525000,3,2,9,1,3,2011,97144792
9999999,2,1,3,1,1,2011,36615144
330000,1,0,4,4,1,2011,21861640
600000,3,1,6,1,1,2011,32406152
5162488,5,3,6,1,1,2011,96626840
500000,3,1,2,2,3,2011,53528944
850000,2,1,1,1,1,2011,20209968
550000,1,0,5,4,1,2011,14632568
5162488,5,2,2,1,3,2011,126537376
2500000,4,3,6,1,1,2011,93567168
650000,2,1,6,1,1,2011,34605060
250000,3,1,10,3,1,2011,85485944
5162488,5,3,6,1,3,2011,34605060
438000,2,0,5,1,1,2011,37050020
2000000,3,2,1,1,1,2011,49055020
650000,1,0,4,4,3,2011,17435836
5162488,3,1,6,1,3,2011,37445024
395000,3,0,2,4,3,2011,55376532
900000,4,1,10,1,3,2011,26173832
1200,4,1,7,3,3,2011,45400072
1000000,2,2,4,1,1,2011,21861640
600000,4,1,5,1,3,2011,20025740
1100000,2,1,1,1,1,2011,76300768
1000000,3,1,6,2,3,2011,34605060
500000,4,1,2,3,3,2011,82943776
300000,2,1,7,4,3,2011,25204430
12000,2,1,2,1,3,2011,26173832
12000,3,2,3,2,3,2011,70617576
900000,3,2,5,4,1,2011,20025740
300000,2,1,6,1,1,2011,34605060
800000,3,1,6,1,3,2011,15189042
550000,2,0,5,1,1,2011,73280944
1300000,3,0,2,3,3,2011,22010632
250000,4,1,8,2,3,2011,67146464
1500000,4,3,5,1,3,2011,37050020
320000,1,0,1,1,1,2011,49055020
400000,1,0,5,1,3,2011,18722512
995000,3,1,6,1,1,2011,15189042
9999999,3,1,5,1,3,2011,18938192
600000,2,1,4,1,1,2011,17435836
600000,2,0,5,1,3,2011,55625256
1200000,3,1,6,1,3,2011,51406440
300000,1,0,3,4,1,2011,41076740
300000,2,1,3,1,1,2011,22620252
5162488,4,2,5,1,3,2011,45787064
1000000,2,1,3,3,1,2011,22620252
800000,2,1,3,4,1,2011,22620252
5162488,4,4,1,1,1,2011,46024104
475000,2,1,1,1,1,2011,20209968
240000,5,1,10,3,3,2011,85567512
900000,3,3,1,1,3,2011,77839320
300000,1,0,6,1,1,2011,15189042
9999999,3,1,10,3,3,2011,54412384
800000,1,1,4,1,3,2011,21861640
500000,3,1,8,1,3,2011,18156604
25000,4,2,8,2,3,2011,63262636
1000000,4,2,1,1,3,2011,18722512
600000,2,1,6,1,1,2011,15189042
750000,3,1,2,4,3,2011,71486712
100000,3,0,7,2,1,2011,18399536
850000,2,0,3,1,3,2011,22620252
500000,2,1,1,1,1,2011,80604424
1000000,3,3,6,1,3,2011,34605060
9999999,1,0,4,4,1,2011,17435836
500000,3,1,6,1,1,2011,31542576
500000,3,1,10,2,1,2011,51974140
750000,1,0,6,1,3,2011,28056678
500000,3,1,2,1,1,2011,18736204
1900000,3,2,1,4,3,2011,20209968
600000,2,1,4,4,1,2011,21861640
5162488,4,3,5,1,1,2011,18525008
500000,3,1,7,1,3,2011,99281376
5162488,3,1,6,1,3,2011,15189042
1000000,2,1,4,4,1,2011,21861640
550000,3,0,2,1,3,2011,34580360
500000,2,1,8,2,3,2011,38757456
500000,2,1,8,2,3,2011,77598832
525000,4,2,9,1,3,2011,51369744
5162488,3,5,6,1,1,2011,33105408
500000,4,4,8,1,3,2011,36799072
300000,2,1,7,1,3,2011,56113356
1050000,3,1,1,1,3,2011,20209968
15000,3,1,8,2,3,2011,36799072
500000,2,1,1,1,3,2011,20209968
1200,4,1,7,3,3,2011,142300896
1500000,3,1,5,1,3,2011,20025740
1500000,3,2,6,1,3,2011,35931584
900000,3,1,5,1,3,2011,20025740
1600000,2,1,5,3,3,2011,20025740
1000000,3,0,3,1,1,2011,19340500
650000,2,0,4,1,1,2011,17435836
2000000,3,1,4,1,3,2011,21861640
525000,1,0,3,1,1,2011,22620252
1150000,3,1,6,1,1,2011,34605060
9999999,3,1,3,1,3,2011,48411576
800000,2,1,4,1,1,2011,94667256
950700,1,0,6,4,1,2011,35768888
507000,2,1,4,1,3,2011,21861640
500000,4,1,8,3,3,2011,45640184
500000,2,1,8,2,3,2011,18156604
9999999,2,0,2,3,1,2011,120211344
5162488,4,3,5,1,3,2011,37050020
400000,2,1,5,1,1,2011,18938192
800000,2,1,3,1,1,2011,61020236
1200000,3,1,5,1,1,2011,84717792
2000000,3,1,1,1,3,2011,80049168
18000,2,1,6,1,1,2011,15189042
5162488,5,3,5,1,3,2011,65851592
850000,2,1,6,1,1,2011,34605060
400000,2,1,5,3,3,2011,28056678
750000,4,1,10,1,1,2011,26173832
19000,2,1,10,3,1,2011,42337296
700000,4,1,5,4,3,2011,94902176
507000,3,1,4,1,3,2011,21861640
15000,2,1,3,1,1,2011,41076740
400000,1,0,5,1,3,2011,20025740
750000,2,1,1,1,3,2011,18722512
2400000,4,1,1,1,3,2011,89807888
600000,2,2,6,1,3,2011,34605060
1000000,3,1,4,1,1,2011,34871672
1600000,3,2,3,1,1,2011,18722512
800000,3,1,4,1,3,2011,34871672
750000,2,1,5,4,1,2011,20025740
350000,3,2,10,1,3,2011,44021264
5162488,2,6,4,1,3,2011,37445024
320000,2,1,6,1,1,2011,15189042
9956,2,1,9,4,1,2011,65578224
9999999,3,0,4,3,3,2011,65286052
999000,3,1,5,1,1,2011,65771152
830000,2,1,6,1,3,2011,15189042
800000,2,1,3,1,3,2011,45240504
400000,2,1,10,4,1,2011,44021264
700000,2,1,4,4,3,2011,43723280
275000,2,0,6,1,1,2011,34605060
100000,4,1,7,2,3,2011,51274640
350000,2,1,5,1,3,2011,20025740
350000,1,0,5,1,1,2011,20025740
26000,1,0,1,4,1,2011,16529210
5162488,5,1,5,1,3,2011,37050020
1300000,3,3,1,1,1,2011,49055020
650000,4,2,1,1,3,2011,20209968
1000000,3,1,4,1,1,2011,21861640
920000,1,0,3,1,3,2011,22620252
600000,4,1,4,1,3,2011,34871672
500000,4,1,2,1,3,2011,18736204
140000,2,1,5,1,3,2011,18722512
600000,2,1,4,1,1,2011,21861640
1300000,3,2,6,1,1,2011,57586872
650000,2,2,5,1,3,2011,20025740
450000,2,1,6,1,1,2011,34605060
475000,3,1,1,4,3,2011,104554112
250000,4,1,8,3,3,2011,58063752
550000,2,1,4,1,3,2011,21861640
900000,2,1,5,1,1,2011,37050020
550000,2,1,3,1,1,2011,22620252
1200000,2,0,3,1,1,2011,45240504
380000,2,1,3,4,1,2011,16566963
800000,2,1,1,1,1,2011,20209968
600000,3,1,6,1,1,2011,34605060
700000,4,1,7,3,3,2011,6401219
485000,2,1,6,4,1,2011,15189042
575000,1,1,5,1,1,2011,20025740
350000,2,1,10,1,3,2011,26173832
800000,2,1,1,1,1,2011,20209968
200000,2,1,2,4,1,2011,26173832
9999999,3,1,1,1,3,2011,30012292
1800000,5,1,4,3,1,2011,68839672
1200000,5,2,4,1,1,2011,51489672
550000,2,1,6,1,1,2011,15189042
1600000,3,2,6,1,3,2011,51406440
450000,2,1,4,4,3,2011,21861640
560000,1,0,5,2,1,2011,18722512
1250000,2,1,1,1,1,2011,18825748
1800000,3,1,6,1,1,2011,78492752
350000,3,2,5,1,1,2011,90247952
9999999,3,1,10,3,3,2011,165626336
745000,3,1,1,2,3,2011,44517984
9999999,4,1,4,1,3,2011,71419240
600000,3,1,1,1,3,2011,75462968
1900000,3,1,1,1,1,2011,49055020
700000,2,0,4,1,1,2011,34871672
10000,3,0,2,1,3,2011,73463464
600000,2,1,5,1,3,2011,20025740
5162488,3,3,6,1,3,2011,17302530
580000,2,1,5,1,1,2011,20025740
500000,2,1,2,4,1,2011,38195292
600000,3,1,10,2,3,2011,44021264
890000,3,1,6,1,1,2011,102304248
450000,2,1,2,1,3,2011,44021264
450000,2,1,7,1,1,2011,25204430
9999999,2,1,5,3,1,2011,29265136
1000000,4,1,1,1,3,2011,20209968
3000,3,0,3,3,3,2011,78514392
400000,2,1,7,1,3,2011,22339892
900000,4,2,6,1,3,2011,34605060
700000,3,1,6,1,1,2011,34605060
3000,3,1,3,4,1,2011,20538370
500000,3,1,8,2,3,2011,38371344
1250000,2,1,6,1,3,2011,21201052
2500000,5,2,1,1,3,2011,49055020
900000,2,1,6,1,1,2011,15189042
500000,2,2,5,4,1,2011,20025740
750000,3,2,6,1,3,2011,15189042
1600000,4,0,4,1,1,2011,120494840
240000,4,2,3,1,3,2011,41076740
750000,3,1,6,1,1,2011,29938148
700000,2,1,6,1,1,2011,15189042
300000,2,1,3,1,1,2011,41076740
1000000,3,1,9,1,3,2011,65973824
250000,2,1,6,1,1,2011,18722512
2500000,1,0,1,3,1,2011,20209968
400000,4,1,7,1,3,2011,18722512
550000,2,1,2,3,3,2011,26173832
5162488,4,1,1,1,3,2011,72969552
240000,3,1,3,1,3,2011,22620252
9999999,3,1,6,1,1,2011,64388424
700000,2,1,3,4,1,2011,77565104
393000,3,1,8,2,1,2011,18156604
395000,2,1,2,1,3,2011,26173832
9999999,2,1,1,2,1,2011,31897132
1250000,3,1,5,1,3,2011,20025740
1000000,2,1,5,3,1,2011,22893532
1900000,4,0,3,1,1,2011,41076740
600000,2,1,10,1,3,2011,41506244
600000,3,2,5,1,3,2011,37050020
1500000,2,1,1,1,3,2011,20209968
15000,3,0,8,3,3,2011,17383888
25000,4,1,4,1,1,2011,34871672
5162488,5,3,4,1,3,2011,34871672
5162488,3,1,6,1,3,2011,15189042
2000000,3,1,1,1,3,2011,20209968
500000,3,0,7,3,1,2011,96126584
1900000,4,1,5,1,3,2011,54987240
550000,2,2,2,1,1,2011,18722512
1600000,3,2,3,1,3,2011,41076740
9000,2,1,10,2,1,2011,26173832
1000000,3,1,6,4,3,2011,20115440
3000,1,1,6,3,1,2011,15189042
600000,4,3,5,1,3,2011,35989788
700000,2,1,5,1,3,2011,20025740
1000000,2,1,3,1,3,2011,22620252
400000,2,0,10,1,1,2011,26173832
5162488,3,2,6,1,3,2011,55384448
620000,2,1,4,1,3,2011,34871672
700000,2,1,6,1,1,2011,34605060
9999999,3,1,5,3,1,2011,157042272
410000,1,0,1,1,1,2011,20209968
12000,2,1,3,1,1,2011,41076740
9956,3,1,9,2,3,2011,69009480
135000,2,0,5,1,3,2011,40051480
9999999,2,1,10,3,1,2011,17557088
600000,3,3,6,1,3,2011,15189042
1500000,2,1,6,1,1,2011,18722512
800000,4,2,8,1,3,2011,53196116
750000,3,2,6,1,3,2011,18722512
300000,4,1,7,3,1,2011,625769
5162488,5,3,6,1,3,2011,182453472
625000,2,1,5,1,1,2011,37050020
1100000,3,1,5,4,1,2011,94653920
650000,2,1,3,1,3,2011,22620252
800000,2,1,4,4,3,2011,21861640
675000,3,2,1,1,3,2011,182304160
420000,2,1,5,1,3,2011,20025740
1850000,4,1,5,1,1,2011,67370344
500000,2,0,4,1,1,2011,34871672
300000,2,1,7,3,1,2011,50408860
1800000,4,3,1,1,1,2011,49055020
600000,3,1,6,4,3,2011,104189328
800000,2,1,3,1,3,2011,22620252
500000,3,2,1,1,1,2011,48344604
745000,2,2,1,1,3,2011,40419936
650000,2,1,6,1,1,2011,15189042
350000,2,0,4,1,1,2011,34871672
5162488,4,4,6,1,3,2011,64812304
1000000,2,0,3,1,3,2011,20538370
265000,1,0,5,1,1,2011,20025740
700000,2,1,5,4,3,2011,41585008
5162488,4,3,6,1,1,2011,34605060
1000000,2,0,6,1,3,2011,18722512
380000,1,1,3,2,3,2011,31373892
525000,3,0,8,2,1,2011,18156604
900000,2,1,6,1,3,2011,34605060
45000,4,1,7,1,1,2011,95056392
750000,2,1,4,1,3,2011,34871672
700000,3,1,3,1,1,2011,41076740
5162488,3,2,5,1,1,2011,37050020
9999999,2,1,3,1,3,2011,59929736
450000,2,1,2,1,3,2011,26173832
380000,1,0,3,1,3,2011,41076740
1500000,2,1,6,1,3,2011,15189042
515000,1,0,2,1,3,2011,18050222
400000,2,1,4,4,1,2011,21861640
1000000,2,1,6,1,3,2011,40230880
350000,1,0,5,4,1,2011,20025740
1300000,4,2,6,1,3,2011,15189042
735000,1,1,4,1,3,2011,34871672
500000,2,1,5,4,3,2011,29265136
9999999,4,1,8,2,3,2011,52627624
5162488,3,4,5,1,1,2011,92699184
500000,1,0,7,1,3,2011,36512416
2000000,4,3,6,1,3,2011,34605060
700000,3,2,7,4,1,2011,36799072
5162488,3,0,1,1,3,2011,20209968
800000,2,1,6,1,1,2011,15189042
500000,2,0,4,1,1,2011,34871672
500000,2,1,6,1,3,2011,21201052
1500000,4,1,3,1,1,2011,98972448
500000,2,0,3,1,3,2011,41076740
850000,1,0,6,3,3,2011,15189042
600000,2,1,6,1,1,2011,15189042
12000,3,1,6,2,3,2011,15189042
1700000,4,0,6,1,3,2011,15189042
550000,2,1,4,1,3,2011,21861640
400000,3,2,10,3,1,2011,122148264
9999999,3,2,5,1,1,2011,51401056
700000,3,2,10,1,3,2011,44021264
1900000,3,1,1,1,3,2011,105501256
500000,5,1,5,1,3,2011,90247952
400000,2,1,7,1,3,2011,36799072
500000,3,1,7,3,1,2011,115606128
875000,4,2,5,4,3,2011,37050020
850000,2,1,5,1,3,2011,20025740
200000,1,0,8,2,3,2011,18156604
850000,2,0,1,3,1,2011,20209968
1200000,3,1,3,1,3,2011,20538370
1250000,3,1,5,1,3,2011,37050020
550000,2,1,2,1,1,2011,58983848
525000,1,0,4,1,1,2011,34871672
1000000,3,1,3,1,3,2011,19340500
2000000,2,1,5,2,3,2011,55423304
2200000,4,3,6,1,1,2011,15189042
900000,3,2,5,1,3,2011,74120360
890000,4,1,6,1,3,2011,102304248
1800000,4,1,4,4,3,2011,34871672
1100000,3,1,7,2,3,2011,36619840
1000000,3,0,6,1,3,2011,34605060
1500000,4,1,6,1,1,2011,102304248
450000,4,2,1,1,3,2011,49055020
100000,2,1,7,4,1,2011,18399536
400000,1,0,3,1,1,2011,22620252
1350000,3,0,3,1,1,2011,37153196
400000,4,1,4,4,3,2011,91376064
510000,4,1,8,2,3,2011,18156604
500000,2,1,2,1,3,2011,48627304
450000,3,1,2,1,1,2011,41301364
700000,1,0,5,1,3,2011,38470268
1500000,3,2,3,4,3,2011,104828328
1500000,5,1,7,3,3,2011,2620354
450000,2,0,5,1,1,2011,20025740
650000,2,1,4,1,1,2011,21861640
700000,5,2,5,3,3,2011,90466936
600000,2,1,6,1,1,2011,15189042
750000,2,1,1,4,3,2011,104828328
2000000,4,2,6,1,3,2011,119752000
900000,2,1,4,2,3,2011,21861640
19000,2,0,10,3,1,2011,34580360
1800000,2,1,1,1,1,2011,24527510
550000,2,0,4,1,1,2011,56113356
365000,1,0,6,1,1,2011,15189042
5162488,3,1,5,1,3,2011,37050020
350000,2,1,6,1,1,2011,21201052
400000,2,1,2,4,3,2011,26173832
120000,4,2,8,3,1,2011,118308528
1500000,6,2,7,1,3,2011,100417624
2000000,4,2,6,1,3,2011,72854976
1100000,3,1,7,2,3,2011,36799072
9956,3,1,9,2,3,2011,67868872
9999999,3,0,8,3,3,2011,36626248
550000,2,1,4,1,1,2011,21861640
875000,3,3,6,1,1,2011,38081920
600000,3,1,1,1,3,2011,20209968
9999999,5,3,6,1,1,2011,79296512
525000,3,2,10,1,1,2011,41301364
1200000,3,1,3,4,3,2011,22620252
600000,3,2,6,1,3,2011,34605060
5162488,3,2,1,4,3,2011,49055020
1000000,3,1,6,1,1,2011,93567168
650000,2,1,4,1,1,2011,43723280
5162488,4,3,6,1,3,2011,34605060
1400000,3,1,5,1,1,2011,37050020
625000,1,0,5,1,3,2011,18722512
1500000,3,1,8,1,3,2011,625769
2000000,3,2,7,1,3,2011,36799072
750000,4,1,5,1,1,2011,20025740
5162488,4,0,1,1,3,2011,75131696
630000,2,2,3,1,1,2011,22620252
500000,2,1,4,1,3,2011,34871672
1000000,3,1,6,1,1,2011,34605060
950000,3,2,4,4,1,2011,34871672
550000,3,0,2,1,3,2011,26173832
135000,3,1,5,1,3,2011,37050020
800000,3,1,4,1,3,2011,34871672
800000,3,1,1,1,1,2011,75131696
1800000,5,2,4,1,3,2011,89722816
5162488,4,4,5,4,3,2011,97271296
1500000,4,2,5,1,3,2011,37050020
100000,4,1,7,2,3,2011,16095576
950000,3,1,5,1,1,2011,18722512
765000,3,1,6,1,3,2011,102304248
9956,4,1,9,2,3,2011,46589864
300000,4,1,8,2,1,2011,86922736
5162488,3,2,6,1,3,2011,15189042
500000,2,1,2,2,3,2011,37472408
1000000,4,3,5,1,1,2011,34259768
5162488,5,3,6,1,3,2011,95208368
140000,3,2,5,1,3,2011,40051480
400000,2,0,5,1,1,2011,20025740
500000,3,1,10,1,3,2011,54412384
2000000,3,2,6,1,3,2011,37445024
500000,2,1,6,1,1,2011,24521742
700000,2,0,5,1,1,2011,37050020
5162488,2,1,6,1,3,2011,34605060
5162488,4,4,6,1,3,2011,15189042
500000,1,0,1,1,3,2011,18825748
9999999,2,1,9,1,1,2011,18315528
550000,2,1,6,3,1,2011,15189042
1200000,3,1,1,1,1,2011,49055020
700000,2,2,5,1,1,2011,73280944
2500000,4,4,7,2,3,2011,112346568
500000,6,1,10,3,3,2011,38074444
25000,2,0,9,2,1,2011,36799072
550000,2,1,4,1,1,2011,34871672
685000,3,0,1,1,1,2011,50576096
745000,2,2,1,4,3,2011,37445024
3000,2,0,3,2,1,2011,15686945
70000,4,1,3,1,1,2011,97205992
1000000,3,2,6,1,3,2011,45127188
250000,4,1,10,3,3,2011,109885920
45000,2,1,7,2,3,2011,25204430
800000,2,2,4,1,1,2011,21861640
9000,3,1,10,2,3,2011,39074632
5162488,4,2,4,1,3,2011,21861640
2000000,4,2,6,1,3,2011,84717792
1000000,3,0,3,4,1,2011,25288048
300000,2,0,6,1,1,2011,15189042
1100000,3,1,7,2,3,2011,112346568
1595000,3,2,5,1,1,2011,55038468
9999999,2,0,5,4,1,2011,37050020
800000,2,1,1,1,3,2011,20209968
1000000,4,1,5,1,1,2011,34760844
300000,2,1,6,1,3,2011,15189042
327500,2,0,4,1,1,2011,19079532
1000000,3,2,5,1,3,2011,37050020
970000,2,1,4,1,1,2011,54813856
650000,2,0,1,1,3,2011,49055020
1200000,3,1,6,1,3,2011,15189042
350000,1,1,6,1,1,2011,15189042
5162488,5,3,1,4,3,2011,164314400
600000,3,1,7,2,3,2011,47816344
900000,2,2,6,1,1,2011,15189042
400000,2,0,5,1,3,2011,35536148
1000000,3,1,5,2,3,2011,20025740
400000,1,1,7,4,1,2011,25204430
30000,2,0,10,3,3,2011,26173832
2000000,4,3,6,4,3,2011,159335168
280000,1,0,4,3,1,2011,21861640
1000000,5,1,5,1,3,2011,14632568
700000,2,1,5,1,1,2011,37050020
460000,2,1,6,1,3,2011,15189042
650000,2,1,4,1,3,2011,21861640
168000,2,1,2,4,3,2011,53033536
1700000,3,2,6,1,3,2011,15189042
750000,2,1,6,1,3,2011,21201052
1000000,2,1,3,4,3,2011,22620252
1500000,4,1,6,1,3,2011,102304248
1000000,3,1,5,1,3,2011,20025740
800000,2,1,4,1,3,2011,21861640
610000,3,1,7,1,1,2011,73463464
600000,2,1,10,1,3,2011,26173832
550000,3,1,2,1,3,2011,26173832
452000,2,1,5,1,1,2011,37050020
9999999,1,0,4,4,1,2011,17340440
1000000,3,2,6,1,3,2011,15189042
2000000,5,3,5,1,3,2011,148755536
5162488,4,3,5,1,3,2011,37050020
500000,1,0,4,1,3,2011,21861640
1400000,3,2,4,1,1,2011,34871672
450000,2,0,4,1,1,2011,21861640
1200000,4,1,8,2,3,2011,51702112
25000,2,1,8,2,1,2011,17599688
300000,1,1,6,1,1,2011,15189042
1250000,4,2,6,1,3,2011,85141832
400000,2,1,2,1,3,2011,55344916
800000,2,1,3,1,3,2011,41076740
5162488,5,3,5,1,3,2011,65771152
950000,3,0,4,1,1,2011,56685976
400000,3,1,5,2,1,2011,44854112
2500000,5,3,6,1,3,2011,75445224
600000,3,1,7,2,1,2011,36799072
15000,3,1,8,2,3,2011,36924292
525000,4,2,9,1,3,2011,50868952
650000,2,1,6,1,3,2011,15189042
2000000,3,0,4,4,1,2011,34871672
600000,2,1,6,1,3,2011,17302530
5162488,4,3,5,1,3,2011,41585008
1000000,2,1,6,1,3,2011,15189042
550000,2,2,7,1,1,2011,25204430
5162488,4,2,1,1,1,2011,20209968
275000,3,1,7,3,1,2011,45400072
1400000,3,2,5,1,3,2011,37050020
500000,3,1,3,1,3,2011,99687296
60000,3,1,7,2,3,2011,118654696
1200000,2,1,3,1,3,2011,41076740
400000,3,1,8,2,1,2011,18156604
600000,2,2,4,1,1,2011,21861640
450000,1,1,1,3,3,2011,37651496
700000,3,1,7,2,3,2011,25204430
1350000,3,1,6,1,3,2011,34605060
800000,3,1,6,1,1,2011,55384448
1000000,2,1,6,1,3,2011,16552704
1600000,3,1,3,1,3,2011,22620252
1500000,5,3,7,2,3,2011,5079570
1500000,3,1,7,2,3,2011,500619
1000000,1,0,8,2,1,2011,17599688
700000,3,1,4,1,1,2011,21861640
9999999,3,1,10,3,1,2011,54504768
1500000,4,2,6,4,3,2011,159335168
395000,3,1,2,2,3,2011,32163754
9999999,3,1,10,3,1,2011,17557088
3000,3,1,6,1,3,2011,29508780
1200000,2,1,6,1,3,2011,15189042
400000,2,1,6,1,1,2011,49043484
400000,2,1,2,4,3,2011,44021264
400000,3,1,10,3,3,2011,61077912
700000,2,1,6,1,1,2011,34605060
25000,3,1,8,3,3,2011,18156604
1000000,2,2,6,1,3,2011,18722512
1300000,5,2,8,2,3,2011,134596432
600000,2,1,2,1,1,2011,26173832
5162488,4,1,5,3,1,2011,113189992
2000000,5,2,5,1,3,2011,41585008
450000,3,1,5,1,1,2011,37050020
2000000,2,0,1,1,1,2011,99687296
9999999,1,0,4,1,3,2011,33921104
200000,2,0,8,2,1,2011,17599688
1400000,4,1,2,2,3,2011,100740624
1900000,5,2,6,1,1,2011,15189042
1500000,3,1,1,1,1,2011,28056678
240000,3,1,10,1,3,2011,32187880
2000000,4,2,6,1,1,2011,34605060
725000,2,1,6,1,3,2011,34605060
550000,1,0,5,4,1,2011,37050020
440000,3,2,5,1,3,2011,37434588
1000000,1,1,6,1,3,2011,21201052
235000,1,0,6,3,3,2011,54140344
1600000,3,2,1,1,1,2011,75131696
1600000,4,3,6,1,3,2011,104436008
625000,3,2,5,1,3,2011,20025740
600000,2,1,6,1,3,2011,15189042
1500000,1,0,3,1,3,2011,22620252
450000,2,1,1,1,1,2011,20209968
175000,2,1,3,1,1,2011,22620252
250000,3,1,4,1,3,2011,34871672
900000,3,1,4,1,1,2011,74082344
1000000,4,0,3,1,3,2011,98257600
450000,2,1,4,4,1,2011,21861640
525000,3,2,9,1,3,2011,51369744
200000,3,1,8,1,3,2011,78109968
200000,3,1,7,3,1,2011,36730032
380000,1,1,3,3,3,2011,16566963
1750000,2,1,1,1,3,2011,49055020
1600000,4,2,5,1,1,2011,37050020
5162488,3,3,1,1,3,2011,50935460
525000,2,1,4,3,1,2011,21861640
200000,2,1,4,1,1,2011,34871672
450000,2,1,2,1,1,2011,26173832
900000,2,1,6,1,3,2011,15189042
600000,2,1,6,1,1,2011,15189042
2000000,2,1,4,1,3,2011,21861640
600000,4,1,5,1,1,2011,37050020
900000,2,1,9,1,1,2011,18156604
1000000,3,2,4,1,1,2011,68839672
1800000,2,1,1,1,3,2011,20209968
1400000,5,3,5,1,3,2011,68017504
750000,3,1,5,1,1,2011,20025740
1000000,3,0,1,1,1,2011,37112108
350000,2,1,5,1,3,2011,37445024
600000,4,1,8,2,3,2011,55551148
1375000,3,1,5,1,1,2011,20025740
1800000,3,1,3,1,3,2011,41076740
500000,3,2,8,2,3,2011,18156604
9999999,4,2,6,1,1,2011,18722512
750000,3,1,1,1,1,2011,63525336
1250000,3,0,1,1,3,2011,49055020
1200000,4,1,6,1,1,2011,34605060
500000,2,1,4,1,1,2011,18722512
500000,2,0,3,1,1,2011,41076740
1000000,4,4,4,1,3,2011,19079532
2000000,4,2,6,1,1,2011,93567168
950000,3,2,5,1,3,2011,20025740
1600000,4,2,5,4,3,2011,37050020
1500000,3,2,1,1,3,2011,72739240
1250000,3,1,5,1,1,2011,37050020
800000,4,1,8,2,3,2011,18399536
700000,4,3,7,1,1,2011,36799072
5162488,5,3,5,1,3,2011,95511384
1500000,5,3,7,2,1,2011,70999376
2100000,4,2,5,1,1,2011,97271296
9956,3,1,9,3,1,2011,17770196
1000000,4,2,1,1,3,2011,94813536
750000,2,2,6,1,3,2011,34605060
1700000,3,1,4,1,1,2011,34871672
700000,3,3,5,1,3,2011,37050020
250000,3,1,10,3,1,2011,62047536
30000,2,0,2,1,1,2011,44021264
400000,3,2,5,1,3,2011,53285852
1000000,2,1,6,1,1,2011,34605060
5162488,6,2,6,1,3,2011,104436008
875000,2,1,5,1,1,2011,20025740
1600000,2,1,5,1,3,2011,41585008
500000,2,1,5,1,3,2011,20025740
650000,2,1,4,1,3,2011,21861640
900000,3,1,6,1,1,2011,15189042
2000000,3,0,1,1,3,2011,49055020
400000,1,1,4,1,1,2011,34871672
13000,1,1,3,1,3,2011,22620252
600000,2,1,5,1,3,2011,18525008
500000,3,1,6,1,1,2011,15189042
490000,2,0,3,1,1,2011,41076740
15000,3,2,8,2,1,2011,74792008
9956,2,1,9,1,1,2011,40530016
390000,2,1,6,1,1,2011,15189042
2000000,4,2,5,1,3,2011,20025740
2000000,3,1,5,1,3,2011,68017504
1200000,3,1,6,4,1,2011,77793088
1650000,3,1,3,1,3,2011,41076740
950000,2,2,5,1,1,2011,20025740
630000,2,1,6,1,3,2011,55384448
9999999,3,1,10,3,1,2011,16309136
1500000,1,0,1,1,1,2011,20209968
5162488,2,2,6,1,3,2011,21201052
275000,1,0,6,1,1,2011,34605060
5162488,6,2,5,1,3,2011,88953624
2000000,3,3,6,1,3,2011,15189042
5162488,4,3,5,1,3,2011,37050020
5162488,3,1,4,1,3,2011,34871672
1000000,3,1,6,1,1,2011,30378084
475000,3,0,1,1,3,2011,37657464
2500000,3,1,5,1,1,2011,20025740
1700000,5,1,6,4,1,2011,106069872
500000,2,1,3,1,1,2011,22620252
40000,5,2,4,1,1,2011,34871672
700000,2,1,6,1,3,2011,15189042
1000000,3,1,2,1,1,2011,17290180
1600000,3,2,3,1,3,2011,72406184
13000,2,1,3,1,3,2011,20538370
420000,2,1,5,4,1,2011,37050020
350000,1,1,6,1,1,2011,15189042
650000,2,1,4,4,3,2011,21861640
1500000,3,1,5,1,3,2011,37445024
700000,2,1,6,1,1,2011,15189042
425000,1,0,4,1,1,2011,21861640
800000,3,0,4,1,3,2011,21861640
69000,2,1,1,1,3,2011,20209968
1000000,2,1,5,1,3,2011,22893532
250000,1,1,4,1,3,2011,41021792
2500000,4,0,2,3,3,2011,34580360
950000,4,2,7,1,1,2011,54145560
25000,2,1,9,2,3,2011,27914824
1300000,2,1,1,1,1,2011,49055020
9999999,4,1,10,3,3,2011,78994368
750000,3,2,7,1,3,2011,38209704
800000,2,1,1,1,1,2011,49055020
750000,2,1,6,1,3,2011,15189042
550000,1,0,4,1,3,2011,42472088
1000000,2,1,3,1,1,2011,22620252
450000,2,1,1,1,1,2011,18825748
450000,2,1,6,3,1,2011,34605060
600000,3,0,5,1,3,2011,36513460
9999999,3,1,8,2,1,2011,633907
1000000,3,1,6,1,3,2011,102304248
440000,1,0,5,1,1,2011,20025740
650000,2,1,4,1,1,2011,34871672
275000,4,2,6,1,3,2011,50917324
700000,2,1,4,1,1,2011,21861640
5162488,3,2,6,1,3,2011,34605060
1600000,3,1,3,1,1,2011,75131696
1000000,3,2,6,1,1,2011,34605060
700000,2,1,6,1,1,2011,34605060
1850000,3,2,6,1,3,2011,34605060
300000,2,0,6,1,3,2011,33614796
700000,4,1,8,1,1,2011,18399536
800000,3,1,4,1,3,2011,89722816
650000,3,1,1,4,3,2011,49055020
1000000,3,2,6,1,3,2011,15189042
76000,3,1,7,2,3,2011,67413792
1000000,3,2,4,1,3,2011,34871672
9999999,4,1,8,4,1,2011,1508985
9956,2,1,9,3,1,2011,47950088
750000,1,0,6,3,3,2011,37434588
9999999,3,1,10,3,1,2011,62047536
1040000,3,1,6,1,1,2011,74041792
440000,3,1,5,1,3,2011,37050020
750000,2,1,6,1,3,2011,34605060
300000,2,2,7,1,1,2011,18256208
1000000,2,1,2,4,3,2011,54877180
350000,2,0,4,3,3,2011,34680884
1500000,3,2,4,1,1,2011,19079532
800000,2,0,3,3,1,2011,22620252
800000,3,1,4,1,1,2011,21861640
1100000,3,1,6,1,3,2011,34605060
9956,3,1,9,4,3,2011,54540340
5162488,3,0,5,1,3,2011,20025740
9956,3,1,9,4,3,2011,84794272
765000,2,0,4,1,1,2011,18722512
700000,2,1,3,3,3,2011,22620252
860000,3,0,4,4,3,2011,17340440
615000,1,0,4,3,3,2011,21861640
750000,3,2,6,1,1,2011,34605060
5162488,3,1,5,1,1,2011,34057632
19000,4,1,10,3,3,2011,78024744
1000000,2,1,1,1,3,2011,20209968
300000,2,1,6,1,1,2011,30378084
2500000,5,3,6,1,1,2011,103454056
500000,1,0,1,4,3,2011,20209968
1500000,2,2,4,1,3,2011,43723280
5162488,6,2,6,1,3,2011,75445224
1000000,3,1,3,1,3,2011,71726648
36000,2,0,3,3,1,2011,16991848
450000,2,1,3,1,1,2011,22620252
300000,2,1,3,1,3,2011,99687296
1000000,4,1,2,4,1,2011,71674200
450000,2,1,5,4,1,2011,20025740
1250000,3,1,1,1,3,2011,37657464
500000,2,1,5,1,1,2011,37050020
1000000,2,1,5,1,1,2011,37050020
500000,2,1,6,1,3,2011,15189042
2000000,1,0,1,3,1,2011,49055020
25000,2,1,9,2,3,2011,18141284
650000,2,0,5,1,1,2011,20025740
1000000,2,0,6,1,3,2011,15189042
5162488,4,2,5,1,1,2011,45787064
407000,2,1,5,1,1,2011,20025740
950000,3,2,4,1,1,2011,84778376
600000,2,1,6,1,3,2011,15189042
9999999,3,0,4,1,3,2011,19079532
1100000,3,1,5,1,3,2011,20753122
2500000,3,2,4,1,3,2011,21861640
500000,4,1,10,1,1,2011,44021264
1200000,3,1,8,2,3,2011,18399536
5162488,5,2,1,4,1,2011,49055020
1000000,3,2,4,1,1,2011,37445024
2000000,3,0,1,1,3,2011,40419936
1000000,3,2,6,1,1,2011,15189042
390000,2,0,3,1,1,2011,41076740
600000,1,0,4,1,3,2011,34871672
9999999,4,1,10,3,1,2011,155556912
550000,2,1,6,4,1,2011,15189042
600000,2,1,4,1,1,2011,18722512
755000,2,1,1,2,1,2011,20209968
400000,4,1,7,2,3,2011,36312932
25000,3,1,3,1,3,2011,42365788
860000,3,1,4,1,3,2011,36208420
1600000,3,0,4,1,3,2011,33921104
500000,3,1,2,1,1,2011,18736204
1850000,4,2,6,1,3,2011,15189042
1000000,1,0,6,4,3,2011,15189042
1200000,2,1,3,1,3,2011,22620252
700000,2,1,6,1,3,2011,15189042
550000,2,1,4,4,3,2011,34871672
330000,2,1,3,1,1,2011,22620252
1400000,3,0,2,1,3,2011,44021264
400000,2,1,6,1,1,2011,15189042
235000,1,0,6,1,1,2011,15189042
2000000,4,1,4,1,1,2011,66166928
300000,2,1,10,1,1,2011,26173832
700000,2,1,6,1,3,2011,15189042
1000000,5,1,5,1,3,2011,45787064
800000,2,1,6,1,3,2011,15189042
900000,3,1,9,1,1,2011,18156604
1000000,3,0,3,1,3,2011,46974720
9999999,2,0,10,1,3,2011,67143616
5162488,4,4,6,1,1,2011,107942024
9999999,1,0,3,3,3,2011,16991848
600000,1,0,4,3,3,2011,17340440
225000,4,1,7,3,1,2011,86628160
1600000,4,3,5,1,3,2011,95511384
525000,3,1,9,1,3,2011,36799072
1700000,4,2,6,1,1,2011,32466948
450000,2,0,4,1,1,2011,64951720
1000000,3,2,6,1,1,2011,63368396
500000,2,1,6,1,3,2011,15189042
5162488,2,1,6,1,3,2011,15189042
1000000,5,3,3,1,3,2011,135870816
700000,1,0,3,1,3,2011,18576600
1900000,2,1,1,1,1,2011,24527510
1000000,2,2,6,1,3,2011,34605060
800000,4,1,8,1,3,2011,36136340
600000,4,2,10,1,1,2011,72134304
1800000,4,2,6,1,1,2011,79455096
5162488,3,2,6,1,1,2011,42402104
450000,2,1,1,1,3,2011,18825748
965000,4,1,7,1,1,2011,51369744
800000,3,1,8,2,1,2011,18399536
625000,2,1,5,1,3,2011,37506488
240000,3,1,8,2,1,2011,18156604
1000000,2,1,5,1,3,2011,37050020
830000,3,1,6,1,3,2011,15189042
500000,2,1,6,1,3,2011,15189042
1100000,3,2,6,1,1,2011,34605060
1000000,3,3,6,1,3,2011,34605060
500000,3,2,5,4,3,2011,41506244
5162488,5,3,6,1,3,2011,102304248
25000,2,1,8,2,3,2011,18156604
30000,3,1,10,3,3,2011,55474392
600000,2,1,6,1,1,2011,15189042
1000000,4,3,6,1,3,2011,34605060
25000,3,1,8,2,1,2011,55525364
525000,2,1,6,1,1,2011,15189042
900000,3,1,9,1,3,2011,18399536
450000,3,1,5,1,3,2011,37050020
365000,2,1,6,1,3,2011,16552704
1100000,3,1,6,1,1,2011,34605060
1400000,3,2,6,1,1,2011,34605060
1100000,5,2,7,1,1,2011,65973824
525000,3,1,9,1,3,2011,23928796
700000,2,0,7,2,3,2011,38209704
1000000,3,0,3,1,3,2011,37445024
700000,2,1,6,1,3,2011,15189042
1200000,4,1,8,4,3,2011,38074444
460000,2,1,4,2,1,2011,21861640
10000,3,1,4,1,3,2011,32191152
550000,3,1,7,1,1,2011,54665684
25000,3,1,8,4,3,2011,101499520
650000,2,2,4,1,1,2011,34871672
1300000,2,1,6,1,3,2011,15189042
25000,4,1,4,1,1,2011,86442136
750000,3,1,6,1,1,2011,28056678
550000,3,1,10,1,1,2011,44021264
900000,2,1,6,4,1,2011,34605060
14000,4,1,1,1,3,2011,80213208
700000,2,1,6,1,3,2011,37445024
1000000,2,1,2,1,3,2011,26173832
400000,1,0,6,4,1,2011,15189042
1300000,3,1,6,1,3,2011,49043484
25000,3,1,8,2,1,2011,31520454
450000,2,1,5,1,1,2011,20025740
1100000,3,2,6,1,1,2011,15189042
500000,2,0,3,1,1,2011,22620252
500000,5,3,5,1,3,2011,60071584
429000,1,1,2,1,3,2011,52347664
9999999,4,1,8,1,3,2011,23975044
1250000,2,0,5,4,3,2011,56113356
9999999,3,1,8,2,1,2011,18462144
5162488,3,2,5,1,3,2011,20025740
750000,3,2,5,1,3,2011,45787064
950000,2,1,5,4,1,2011,94902176
25000,3,1,9,2,3,2011,27778864
1600000,4,1,5,1,3,2011,87354432
1000000,3,1,8,1,1,2011,34069556
1500000,3,1,1,4,3,2011,25288048
2000,3,2,8,2,1,2011,17599688
400000,2,0,3,1,1,2011,18722512
498000,2,0,9,3,1,2014,78245400
850000,2,1,6,1,3,2014,15414645
1100000,2,2,1,3,1,2014,23270772
600000,1,0,3,1,3,2014,20064316
740000,2,1,6,1,3,2014,15219523
700000,2,1,5,1,3,2014,36776748
2449,2,1,1,4,3,2014,31011204
600000,2,1,6,4,1,2014,21249552
3400000,4,2,5,1,3,2014,64701752
700000,3,2,1,1,3,2014,84384296
160000,3,2,4,1,1,2014,34309168
750000,2,2,5,1,1,2014,19538096
600000,3,1,2,4,3,2014,49748840
400000,1,0,6,1,3,2014,42623896
800000,2,1,4,1,1,2014,24736572
850000,2,1,6,1,3,2014,15219523
5851008,5,3,6,1,3,2014,45084720
550000,2,0,4,1,1,2014,51024576
850000,2,1,4,4,1,2014,46119032
200000,2,0,3,3,3,2014,19212896
1000000,2,1,1,1,1,2014,23270772
1375000,3,1,4,1,1,2014,20484408
800000,2,1,4,1,3,2014,34309168
5851008,5,1,6,1,3,2014,70107176
1000000,2,1,4,1,1,2014,20484408
675000,1,0,4,1,3,2014,20538744
1300000,3,1,5,1,3,2014,19095632
1500000,3,2,6,1,3,2014,35322096
9999999,2,1,8,2,3,2014,553234
1700000,3,1,3,1,1,2014,39377776
1500000,3,1,6,1,3,2014,15219523
1400000,3,1,4,1,1,2014,34309168
725000,2,0,4,1,1,2014,24736572
500000,1,1,5,1,1,2014,40128632
590000,2,2,5,4,1,2014,22331244
800000,2,1,6,1,3,2014,36631912
500000,2,1,6,1,1,2014,15219523
500000,3,1,2,2,1,2014,49395000
20000,3,1,6,2,1,2014,15219523
1700000,3,0,3,1,3,2014,42504872
650000,3,1,6,1,1,2014,35322096
600000,2,0,4,1,3,2014,18024800
500000,2,0,5,1,1,2014,43883472
1000000,5,1,6,1,1,2014,15219523
6000,4,1,2,3,3,2014,83508456
850000,3,1,3,1,3,2014,35621404
1500000,2,1,3,4,3,2014,46215576
750000,5,2,7,4,1,2014,97695784
1000000,2,0,6,4,3,2014,91175512
200000,5,1,8,2,3,2014,38253852
75000,3,1,3,2,1,2014,53809000
5851008,4,1,9,1,3,2014,96245688
750000,2,0,6,1,1,2014,17661048
20000,2,1,6,1,1,2014,15219523
72000,3,1,7,2,1,2014,46917216
600000,4,2,6,1,3,2014,35322096
1500000,3,1,1,1,1,2014,84866584
750000,2,1,6,1,1,2014,15736706
450000,2,0,3,1,1,2014,48133884
395000,4,1,5,3,1,2014,134330000
950000,2,1,6,1,3,2014,34863368
500000,2,1,4,3,3,2014,36049600
1000000,2,1,4,4,1,2014,17536378
550000,2,1,3,1,1,2014,42504872
800000,3,2,5,3,3,2014,142479472
425000,1,0,4,1,3,2014,24736572
825000,3,1,1,1,3,2014,27072108
800000,2,1,5,4,3,2014,21941736
50000,3,1,10,3,3,2014,42025660
1175000,3,1,6,4,1,2014,32759344
9999999,2,1,6,1,1,2014,35322096
500000,2,1,6,1,1,2014,15219523
700000,2,1,3,1,1,2014,22653662
35000,4,1,10,3,1,2014,86999800
2500000,3,1,1,1,1,2014,57536908
18000,3,1,1,1,3,2014,29265594
1600000,4,2,4,1,3,2014,38650268
750000,2,0,1,1,1,2014,46545608
3000000,4,2,1,1,1,2014,23270772
560000,2,2,7,1,1,2014,35542048
630000,2,1,5,4,1,2014,20064316
600000,1,0,8,2,3,2014,20351656
950000,2,1,6,1,3,2014,30439044
2800000,3,2,6,1,1,2014,38693784
280000,1,0,3,3,3,2014,51340248
600000,3,1,2,1,3,2014,46129920
600000,1,0,5,1,3,2014,21941736
700000,2,1,3,1,3,2014,24066944
1800000,4,3,8,2,1,2014,42219724
600000,2,1,4,1,3,2014,24736572
9999999,3,1,6,3,1,2014,71028528
1000000,3,1,3,1,3,2014,21966344
1000000,3,1,6,1,3,2014,15419779
1750000,3,1,5,1,3,2014,21941736
600000,2,1,4,1,3,2014,20484408
30000,3,1,10,3,1,2014,61398212
400000,2,1,1,1,3,2014,23270772
3000000,7,1,5,1,1,2014,86178704
1500000,4,1,4,1,1,2014,34309168
100000,5,0,8,2,1,2014,984193
350000,1,0,4,1,3,2014,38660744
1500000,6,1,1,1,1,2014,48219072
5851008,4,3,5,1,1,2014,39076192
900000,4,1,3,4,3,2014,111687392
1200000,3,0,4,1,1,2014,24736572
500000,3,2,10,3,1,2014,46862144
5851008,1,0,5,1,3,2014,23033854
750000,5,1,1,1,3,2014,57536908
800000,4,1,4,1,3,2014,41461196
1000000,3,3,5,1,3,2014,45280316
900000,4,1,6,1,3,2014,74334064
1500000,2,2,3,1,3,2014,19678182
1350000,2,1,3,1,3,2014,20709972
700000,2,0,5,4,1,2014,73123512
1300000,3,1,1,4,3,2014,95517200
1000000,2,1,3,3,1,2014,24066944
9999999,2,1,10,1,3,2014,72659728
5851008,4,2,5,1,3,2014,45280316
1500000,2,2,1,1,3,2014,23270772
5851008,5,3,5,1,3,2014,66114808
26000,2,0,6,1,3,2014,15219523
9999999,4,1,4,3,1,2014,75593048
700000,4,3,7,1,3,2014,38104752
150000,4,2,8,2,3,2014,507556
1500000,2,1,6,1,1,2014,15219523
2000000,3,0,3,1,1,2014,40128632
1400000,3,1,5,1,3,2014,39076192
550000,2,0,5,1,1,2014,39076192
50000,4,1,10,3,3,2014,91999680
5851008,5,3,6,1,1,2014,35322096
1000000,3,1,1,1,3,2014,86897856
1500000,4,1,1,1,3,2014,23270772
120000,1,1,6,3,1,2014,15219523
550000,2,1,5,1,1,2014,39076192
1000000,2,1,1,1,3,2014,23270772
700000,3,1,6,1,3,2014,103448352
535000,2,0,3,1,3,2014,40128632
1700000,3,1,1,4,1,2014,20004948
1400000,3,1,6,1,1,2014,39285240
545000,2,1,6,1,1,2014,15991577
600000,1,0,8,2,3,2014,19052376
1000000,2,1,6,1,3,2014,15219523
500000,2,1,7,3,3,2014,74142016
6000,2,1,2,4,1,2014,19204580
5851008,4,0,1,1,1,2014,149991696
500000,3,0,4,1,1,2014,44540836
2500000,3,2,5,1,3,2014,37994384
2000000,4,1,8,2,3,2014,21431736
3000000,4,1,4,2,1,2014,64286824
400000,1,0,4,4,1,2014,24736572
1300000,2,1,3,1,1,2014,24066944
750000,1,0,1,1,3,2014,69222608
300000,2,1,10,1,1,2014,21921268
825000,2,1,1,1,3,2014,17862748
5851008,1,0,3,1,3,2014,34712176
1600000,4,2,6,1,1,2014,15219523
550000,3,0,6,4,1,2014,20064316
550000,2,0,3,1,3,2014,34331544
9999999,1,0,9,3,1,2014,33086324
1500000,4,2,1,4,3,2014,20410956
2500000,5,3,5,1,1,2014,100791352
950000,3,1,6,1,1,2014,18315956
325000,2,0,6,1,3,2014,30439044
500000,6,1,4,1,3,2014,34309168
600000,3,0,4,1,3,2014,80419576
7000,3,1,2,3,3,2014,50989540
400000,1,0,4,1,3,2014,20064316
9999999,5,2,6,1,1,2014,79533808
700000,2,0,4,1,1,2014,24736572
5851008,5,3,6,1,1,2014,66993596
750000,3,1,2,1,3,2014,28429670
5851008,4,1,6,1,1,2014,34863368
470000,2,0,3,1,3,2014,17664488
600000,2,1,6,1,1,2014,15219523
3200000,1,0,1,1,3,2014,27072108
400000,3,1,7,4,1,2014,38104752
1500000,4,1,4,1,1,2014,24229278
750000,4,2,1,1,3,2014,57536908
800000,3,2,10,1,3,2014,46862144
1500000,3,2,1,1,3,2014,40821916
1200000,3,1,6,4,3,2014,35239176
25000,2,2,8,4,3,2014,62291680
282000,3,2,8,2,3,2014,39436080
650000,3,1,5,4,1,2014,57801172
500000,3,1,7,2,1,2014,19052376
1200000,4,1,5,1,1,2014,57242280
1000000,3,1,5,1,1,2014,40356192
850000,2,1,6,1,1,2014,35322096
580000,3,0,7,1,1,2014,38104752
850000,2,1,4,1,1,2014,20410956
600000,2,2,7,1,1,2014,28251930
420000,1,0,2,4,1,2014,43933256
5851008,4,2,6,1,3,2014,20064316
1000000,3,1,8,1,3,2014,35057872
2500000,4,2,6,1,3,2014,35322096
1000000,3,1,5,2,3,2014,21941736
2000000,9,-1,8,2,1,2014,131036320
325000,2,0,6,1,1,2014,15219523
875000,3,2,6,1,1,2014,15219523
5851008,5,2,4,1,1,2014,34309168
1300000,3,1,5,1,3,2014,39076192
2500000,3,1,5,1,1,2014,21941736
750000,3,3,4,1,3,2014,55815328
5851008,4,1,6,1,3,2014,89253928
1500000,3,2,6,1,3,2014,15219523
2500000,4,1,5,4,3,2014,81603632
3400000,5,1,5,1,3,2014,56738220
5851008,3,2,3,2,3,2014,38191264
400000,1,0,3,1,3,2014,40128632
800000,2,1,6,4,1,2014,16928640
308000,1,1,6,1,1,2014,17661048
1000000,3,1,6,1,3,2014,66670556
750000,3,1,1,1,3,2014,22156276
800000,2,1,5,3,3,2014,21941736
600000,2,1,6,1,3,2014,35322096
5851008,4,3,6,1,3,2014,35322096
750000,3,2,10,1,3,2014,28251930
1200000,3,1,6,1,1,2014,59040320
1000000,4,1,4,2,3,2014,72407864
5851008,6,1,1,1,3,2014,269985344
999000,3,0,6,1,1,2014,30439044
800000,5,1,4,1,3,2014,102179120
900000,4,1,6,1,3,2014,17661048
1000000,2,1,1,1,3,2014,23270772
400000,2,1,6,1,3,2014,39917304
2200000,2,1,6,1,1,2014,15219523
800000,3,0,6,1,3,2014,36631912
9999999,2,0,4,4,1,2014,48079012
100000,2,0,2,4,3,2014,82419040
2000000,3,1,3,4,1,2014,21966344
150000,4,1,8,2,1,2014,1072096
50000,2,0,3,2,1,2014,18989020
5851008,2,1,3,1,3,2014,41419944
5851008,5,3,6,1,1,2014,100259280
550000,2,0,5,4,1,2014,39076192
1800000,3,3,6,1,1,2014,36631912
1300000,2,0,5,1,3,2014,41760080
325000,3,1,8,2,1,2014,19718040
1500000,2,3,1,1,3,2014,49457856
900000,4,4,6,1,3,2014,98895440
300000,4,1,8,2,3,2014,86581208
400000,2,1,7,1,3,2014,19052376
350000,1,0,4,3,1,2014,24736572
1500000,3,1,1,1,3,2014,57536908
500000,1,0,8,2,1,2014,19718040
650000,2,2,5,1,1,2014,21941736
150000,5,1,8,2,3,2014,2840677
1500000,3,0,1,4,1,2014,55010600
360000,2,1,6,1,3,2014,15219523
15000,2,1,10,3,3,2014,51603816
2000000,3,2,6,1,3,2014,18315956
850000,1,0,6,1,3,2014,15419779
5851008,3,1,4,1,3,2014,34309168
500000,3,1,4,1,3,2014,40128632
5851008,3,2,9,1,3,2014,48802868
1500000,1,0,1,1,3,2014,46541544
5851008,4,4,6,1,3,2014,15219523
1000000,2,1,5,1,1,2014,21941736
800000,1,0,6,1,1,2014,33857280
260000,2,1,10,1,3,2014,56503860
9999999,1,0,10,3,1,2014,16530617
530000,3,1,7,4,1,2014,55300104
400000,2,0,4,4,1,2014,20484408
780000,2,0,3,4,1,2014,39356364
265000,1,0,4,4,1,2014,18402188
1000000,3,1,5,4,3,2014,77292904
2000000,4,1,8,2,3,2014,64445632
600000,2,0,5,1,1,2014,39076192
400000,4,3,8,1,3,2014,38104752
700000,2,4,1,1,3,2014,50007904
1000000,1,0,6,1,3,2014,21514652
350000,1,1,6,1,1,2014,15219523
3200000,4,1,6,1,1,2014,33289228
700000,2,0,2,1,1,2014,28429670
5851008,4,3,5,1,1,2014,93220528
500000,2,1,6,3,3,2014,20064316
550000,2,1,4,2,1,2014,49473144
800000,3,1,6,1,1,2014,101151272
140000,2,0,3,1,3,2014,21966344
110000,2,0,9,3,1,2014,57805252
1500000,3,1,6,1,1,2014,28794540
100000,2,0,3,1,3,2014,40128632
675000,2,1,4,4,3,2014,34309168
700000,4,1,1,1,3,2014,45372200
1500000,2,1,1,1,1,2014,19737580
600000,2,1,6,1,1,2014,21242316
500000,3,1,10,1,1,2014,28251930
600000,3,2,6,1,3,2014,35322096
9999999,2,1,4,1,3,2014,44662488
700000,2,1,4,1,3,2014,19389524
500000,4,2,8,1,3,2014,45328276
2300000,4,2,5,1,3,2014,39076192
300000,6,1,8,2,3,2014,83245480
500000,2,1,3,1,1,2014,42504872
1000000,3,1,4,1,1,2014,38779048
2000000,4,1,8,4,3,2014,119313488
300069,1,0,6,1,3,2014,19095632
1200000,3,1,1,1,3,2014,119715528
2100000,3,2,6,1,1,2014,68767448
2200000,4,3,6,1,1,2014,98895440
580000,2,1,5,1,1,2014,21941736
67500,3,1,8,1,3,2014,19052376
330000,2,0,4,4,3,2014,38779048
1000000,2,1,3,1,1,2014,32006368
3000000,5,3,6,1,3,2014,100259280
800000,3,1,10,1,3,2014,64115472
1600000,3,0,1,3,3,2014,114204112
500000,3,2,7,2,3,2014,19052376
1500000,3,1,7,2,3,2014,165254112
5851008,3,2,6,1,3,2014,100774400
400000,2,0,3,1,1,2014,24066944
750000,1,0,5,1,1,2014,20064316
950000,2,1,4,1,3,2014,19389524
1000000,3,1,5,1,1,2014,21941736
1400000,3,1,6,1,1,2014,15419779
400000,2,0,2,1,1,2014,56859340
150000,4,2,10,3,1,2014,3159510
1200000,3,1,6,1,3,2014,44589820
530000,2,1,2,1,1,2014,34851640
5851008,5,3,6,1,3,2014,20064316
2000000,3,2,1,1,3,2014,71955392
980000,2,1,6,1,1,2014,30439044
1000000,3,2,6,1,3,2014,15219523
9999999,2,1,10,3,1,2014,581298
150000,2,1,2,1,1,2014,34957384
500000,5,2,8,2,3,2014,82377760
5851008,5,3,6,1,3,2014,98895440
800000,2,2,6,1,3,2014,30839560
3100000,4,1,1,1,1,2014,19268888
5851008,3,2,6,1,3,2014,44603912
3000000,2,1,5,2,3,2014,20227434
600000,3,1,10,2,3,2014,46862144
1000000,3,2,9,1,1,2014,34851640
875000,3,1,6,1,1,2014,98895440
1150000,2,2,6,1,3,2014,55945960
700000,2,0,3,4,3,2014,24066944
9999999,3,1,3,4,3,2014,20867336
500000,3,2,10,3,3,2014,152305888
5851008,5,2,7,1,1,2014,58731768
400000,2,0,6,1,3,2014,17661048
1000000,4,4,2,1,3,2014,34851640
1500000,3,1,1,1,3,2014,84866584
350000,1,0,6,1,3,2014,21514652
26000,2,1,10,2,1,2014,28251930
700000,3,1,2,4,1,2014,64646044
450000,2,0,4,3,1,2014,24736572
5851008,3,1,6,1,3,2014,33629984
550000,2,1,4,1,1,2014,34309168
320000,1,0,6,1,1,2014,17661048
375000,2,0,5,1,1,2014,21941736
1200000,3,1,5,2,3,2014,83012176
500000,3,1,6,1,3,2014,30839560
3000000,3,1,6,4,3,2014,42137052
250000,5,1,7,1,1,2014,134126272
2000000,3,3,5,1,3,2014,38303272
425000,2,1,10,1,1,2014,18182720
1200000,3,1,4,1,1,2014,62541032
600000,2,1,4,1,3,2014,24252250
900000,4,1,6,1,1,2014,17661048
1700000,3,2,9,1,1,2014,33289228
900000,3,1,5,1,3,2014,37493724
500000,2,1,8,2,3,2014,34851640
5851008,3,2,5,1,1,2014,43883472
1200000,3,1,4,4,3,2014,112173704
900000,4,1,8,4,3,2014,63671480
9999999,2,0,3,1,3,2014,56153324
5851008,3,1,1,1,1,2014,57536908
2000000,3,1,1,1,3,2014,74509480
1700000,2,1,1,4,3,2014,23270772
850000,2,1,4,1,1,2014,41229208
700000,2,0,3,1,3,2014,42504872
750000,2,3,1,3,3,2014,23270772
1000000,3,2,6,1,3,2014,35322096
9999999,2,1,1,2,1,2014,31674750
1000000,3,1,6,1,3,2014,17661048
15744,3,1,1,1,3,2014,80025472
1500000,3,1,3,4,3,2014,24066944
5851008,4,2,5,2,1,2014,129288080
450000,2,3,4,1,3,2014,36804380
30000,4,2,8,2,3,2014,91469848
1000000,3,2,5,3,3,2014,151475600
400000,3,1,7,2,3,2014,28251930
2000000,4,2,6,1,3,2014,35525664
282000,5,1,8,2,3,2014,17425068
350000,2,1,4,1,3,2014,34309168
9999999,2,2,10,3,3,2014,53153056
400000,1,0,6,1,3,2014,40128632
750000,2,0,6,1,3,2014,39285240
1750000,3,1,5,1,1,2014,39076192
1800000,2,1,1,1,1,2014,57536908
1250000,3,2,6,1,1,2014,15219523
2000000,7,1,7,1,3,2014,100259280
1000000,3,1,5,1,1,2014,41760080
3200000,2,0,1,1,3,2014,114204112
3400000,5,1,5,1,1,2014,85014976
850000,1,0,6,1,3,2014,35322096
5851008,3,1,6,1,3,2014,21242316
500000,5,3,6,1,3,2014,129307832
175000,2,1,10,3,3,2014,1106467
9999999,3,0,10,3,1,2014,38519204
1000000,3,1,6,1,3,2014,54808744
230000,1,0,3,1,3,2014,42504872
70000,1,1,3,1,1,2014,24066944
1600000,4,1,5,1,1,2014,46610264
1800000,3,1,6,1,1,2014,103448352
9999999,3,1,6,3,1,2014,53909804
650000,2,0,3,1,1,2014,24066944
1150000,2,1,6,1,3,2014,35322096
500000,3,1,5,2,1,2014,21941736
750000,2,1,6,1,1,2014,15219523
1600000,3,3,6,1,1,2014,35322096
5851008,1,0,4,1,3,2014,21141594
3200000,2,1,1,1,3,2014,57536908
100000,5,1,8,2,1,2014,1138525
800000,3,2,7,1,1,2014,19052376
500000,3,2,2,3,1,2014,92107064
1000000,2,2,2,1,1,2014,21966628
140000,4,1,3,1,1,2014,94342528
1500000,3,2,6,1,3,2014,77921608
5851008,4,2,6,1,1,2014,19340448
9999999,3,1,8,2,1,2014,53533024
850000,2,1,6,1,3,2014,44639788
600000,4,2,8,2,3,2014,17528936
1000000,3,1,4,1,3,2014,34309168
1000000,4,1,5,2,1,2014,21941736
2000000,6,2,7,4,1,2014,81128848
500000,2,1,6,1,1,2014,43029304
60000,2,1,3,1,3,2014,42504872
9999999,3,1,8,2,3,2014,97127224
2500000,3,1,5,1,1,2014,39076192
900000,2,0,4,1,3,2014,34309168
400000,2,1,10,1,1,2014,28251930
2000000,3,2,5,1,3,2014,40934072
110000,5,3,4,1,3,2014,76231792
550000,1,1,6,1,1,2014,17431684
369000,1,1,4,1,1,2014,48597896
5851008,3,3,5,1,3,2014,39076192
2100000,4,0,3,1,3,2014,42504872
2000000,4,1,3,1,1,2014,98895440
650000,2,1,6,1,3,2014,20064316
2000000,3,2,5,1,3,2014,68830616
1500000,2,1,1,4,3,2014,114008784
450000,2,1,9,1,1,2014,19718040
1350000,2,0,3,1,3,2014,40128632
80000,1,0,5,1,1,2014,20467036
10000,4,1,1,1,1,2014,88002856
2000000,3,2,6,1,1,2014,15219523
700000,3,1,1,1,3,2014,23270772
5851008,4,2,6,1,1,2014,20064316
9999999,3,1,5,1,1,2014,21941736
1400000,3,0,5,1,1,2014,21941736
390000,3,1,4,4,3,2014,44371884
800000,4,3,4,1,1,2014,121783024
5851008,5,2,5,1,1,2014,46271328
800000,5,2,6,1,3,2014,42137052
2500000,4,4,5,1,3,2014,47214632
25000,3,1,8,2,3,2014,45637496
9999999,3,1,7,4,1,2014,41057256
1000000,3,1,5,1,1,2014,39076192
1300000,3,2,6,1,1,2014,51848784
900000,5,2,3,3,3,2014,41020248
600000,4,2,6,1,3,2014,35322096
680000,2,2,4,1,1,2014,48043240
100000,3,1,9,4,1,2014,80199496
2000000,3,1,3,1,3,2014,75760912
500000,2,1,6,1,1,2014,15419779
5851008,3,1,3,1,3,2014,39475160
1300000,3,0,6,4,1,2014,62433108
2000000,4,1,5,1,1,2014,47214632
720000,2,1,1,1,1,2014,57536908
500000,1,0,4,4,3,2014,24736572
425000,2,0,5,1,1,2014,48870512
400000,2,0,6,1,3,2014,15991577
1400000,3,2,6,1,1,2014,49461648
975000,3,1,5,1,3,2014,39076192
40000,4,1,8,2,1,2014,45637496
750000,2,1,3,1,1,2014,24066944
500000,2,1,4,1,1,2014,24736572
400000,2,1,8,2,1,2014,19601200
335000,3,1,6,1,1,2014,42484632
900000,2,1,3,1,3,2014,24066944
76000,3,1,7,2,3,2014,70936504
5851008,5,2,1,4,3,2014,57536908
15000,2,1,9,1,1,2014,38104752
950000,3,1,5,1,3,2014,43188964
50000,3,3,10,1,3,2014,17707400
400000,2,0,3,4,1,2014,42504872
400000,1,1,6,1,1,2014,15219523
600000,2,1,4,1,3,2014,34309168
500000,1,0,1,1,1,2014,23270772
12000,3,1,1,2,3,2014,23339830
1000000,3,1,3,1,1,2014,59580688
9999999,3,1,4,1,1,2014,35698512
720000,2,1,3,3,1,2014,23284768
30000,3,2,8,2,1,2014,19601200
625000,2,1,6,1,1,2014,30439044
600000,3,1,5,1,1,2014,19538096
5851008,4,1,3,1,3,2014,42504872
500000,2,1,7,4,1,2014,28251930
1500000,3,3,5,1,1,2014,19538096
849000,4,2,10,1,3,2014,52003200
5851008,4,4,5,1,3,2014,89117752
150000,3,1,10,3,1,2014,2124272
5851008,5,3,5,1,3,2014,91099008
2500000,3,1,5,1,1,2014,39076192
1000000,4,1,4,2,1,2014,98928432
600000,2,0,8,1,1,2014,19718040
1500000,4,2,1,1,3,2014,23270772
9999999,3,1,6,1,1,2014,19268888
1300000,3,1,6,1,1,2014,52394856
350000,2,1,3,1,3,2014,24066944
465000,5,0,3,1,3,2014,20074896
995000,2,1,6,1,3,2014,30439044
5851008,4,1,5,1,3,2014,72255872
1500000,3,3,1,1,3,2014,57536908
575000,3,1,10,1,1,2014,46862144
750000,2,2,5,2,3,2014,21941736
2300000,5,1,5,1,3,2014,67340864
650000,2,1,6,1,3,2014,15219523
2800000,4,2,5,1,1,2014,39076192
650000,2,1,5,3,1,2014,81064672
9999999,3,0,3,1,1,2014,48041272
5851008,5,3,5,1,1,2014,39076192
5851008,4,3,5,4,3,2014,70240512
2300000,2,3,6,1,1,2014,35322096
5851008,6,2,5,1,3,2014,102394616
2000000,4,1,9,2,3,2014,17759402
2000000,3,1,6,1,1,2014,30439044
650000,2,1,4,1,3,2014,24736572
1100000,2,1,3,1,3,2014,24066944
450000,3,1,1,1,1,2014,51800672
30000,2,1,10,3,3,2014,28251930
9999999,2,1,1,1,1,2014,49457856
650000,2,1,6,1,1,2014,21242316
1000000,1,0,6,1,3,2014,21242316
5851008,4,2,6,1,1,2014,35322096
17000,3,1,10,2,1,2014,68567976
600000,1,0,3,4,1,2014,19141974
500000,4,1,7,3,3,2014,20136924
500000,2,1,5,1,1,2014,21941736
9999999,2,1,4,3,1,2014,75763760
500000,3,1,9,1,1,2014,108661120
650000,4,1,6,1,1,2014,103448352
600000,2,1,4,1,3,2014,34309168
1200000,3,2,1,4,3,2014,23270772
600000,2,1,4,1,1,2014,24736572
9999999,2,1,5,3,1,2014,39492672
850000,3,1,4,1,3,2014,39963664
400000,2,1,5,1,1,2014,21941736
385000,4,1,4,1,3,2014,34309168
650000,2,1,6,1,1,2014,15219523
1300000,2,2,2,1,3,2014,28429670
995000,3,2,6,2,3,2014,36162580
900000,2,1,1,4,3,2014,63425352
798000,1,0,4,1,3,2014,20392432
600000,4,2,6,1,3,2014,36162580
300000,4,1,8,2,1,2014,19718040
3000000,4,4,1,1,3,2014,28768456
825000,2,1,1,1,3,2014,21032872
5851008,2,1,3,4,3,2014,24066944
750000,2,1,1,1,1,2014,21035274
2000000,4,1,3,1,3,2014,24066944
1000000,2,2,5,1,1,2014,21941736
5851008,3,1,7,1,1,2014,64213896
600000,3,1,8,1,3,2014,19718040
17000,2,1,10,3,3,2014,37175084
9999999,3,1,2,3,3,2014,138604528
8000,2,2,8,2,1,2014,40703308
5851008,4,3,5,1,1,2014,39076192
325000,2,1,6,4,3,2014,15219523
9999999,3,1,10,3,1,2014,19259602
67500,3,1,8,1,1,2014,38931280
1600000,3,2,1,1,1,2014,63534844
1700000,2,1,1,1,3,2014,21035274
500000,5,1,4,1,3,2014,24736572
350000,2,1,3,1,1,2014,22653662
650000,2,1,6,1,1,2014,15219523
1500000,3,1,1,1,3,2014,55239464
9999999,3,1,10,3,3,2014,118685088
900000,2,1,6,1,3,2014,15219523
9999999,3,1,8,2,1,2014,2614644
1200000,3,3,6,4,1,2014,124097752
550000,2,0,2,1,1,2014,20050416
5851008,5,2,2,1,3,2014,83358584
800000,2,1,3,1,3,2014,21559968
2000000,5,2,5,1,3,2014,39076192
450000,1,0,4,1,1,2014,55748036
500000,2,1,4,1,3,2014,20392432
2000000,4,2,6,3,3,2014,35322096
400000,3,1,7,2,3,2014,38570520
600000,3,1,6,4,3,2014,115626968
700000,2,1,6,1,1,2014,15219523
600000,2,1,7,2,1,2014,28251930
9999999,2,1,9,1,1,2014,16711195
2000000,2,0,3,1,3,2014,24066944
250000,3,2,7,3,1,2014,17771024
1600000,2,1,4,1,3,2014,17154584
1500000,4,1,5,1,1,2014,83417832
600000,2,1,6,1,3,2014,30439044
1000000,3,1,8,2,3,2014,40703308
900000,3,0,2,4,1,2014,119701568
2000000,2,2,1,1,3,2014,46541544
89000,4,1,8,1,3,2014,34851640
500000,2,1,5,1,1,2014,39076192
60000,2,2,8,2,3,2014,19718040
1200000,3,2,4,4,1,2014,34309168
1000000,2,1,6,1,1,2014,15219523
550000,3,1,2,1,1,2014,36594224
9999999,3,3,5,3,3,2014,90497488
75000,2,1,6,4,1,2014,48394124
650000,3,1,5,1,3,2014,20064976
1200000,2,2,1,1,1,2014,94326152
100000,4,1,2,3,1,2014,69302264
480000,1,0,6,1,3,2014,15219523
1000000,3,1,6,1,1,2014,111849824
400000,2,1,4,1,3,2014,24736572
800000,2,1,4,1,3,2014,24736572
900000,3,1,5,1,1,2014,47214632
600000,2,0,4,1,3,2014,24736572
400000,2,1,6,1,3,2014,48361344
999000,2,1,5,1,1,2014,49993768
600000,2,1,4,4,1,2014,24736572
900000,3,1,6,1,1,2014,34869956
20000,2,1,2,2,3,2014,66198456
250000,5,1,8,2,1,2014,926833
1200000,2,0,4,1,3,2014,44017144
650000,1,0,1,3,1,2014,24728928
5851008,5,1,8,4,3,2014,2313538
3400000,2,1,1,1,3,2014,22156276
800000,3,2,4,1,3,2014,17154584
5851008,4,1,5,1,3,2014,89117752
100000,2,0,9,2,3,2014,39108740
1350000,1,0,3,1,3,2014,20709972
900000,2,2,6,1,3,2014,15219523
400000,2,1,4,4,1,2014,24736572
1500000,3,1,5,1,3,2014,23337792
350000,2,1,6,1,3,2014,15419779
1800000,3,2,5,1,1,2014,21941736
465000,2,1,3,4,1,2014,24066944
325000,2,1,6,1,3,2014,35322096
1005000,3,1,1,1,3,2014,46541544
1000000,3,2,5,4,3,2014,21941736
900000,2,2,6,1,1,2014,35322096
650000,3,2,2,1,1,2014,43933256
750000,1,0,6,1,3,2014,15219523
2000000,5,0,4,4,3,2014,34309168
700000,3,2,2,1,1,2014,185901424
400000,2,1,5,1,1,2014,21941736
750000,2,1,6,1,3,2014,15219523
1800000,3,1,5,1,1,2014,21941736
1200000,4,1,5,1,3,2014,53132208
900000,2,1,6,1,3,2014,21345744
1700000,2,1,6,1,3,2014,15219523
385000,1,0,4,1,1,2014,17154584
300000,3,1,8,1,3,2014,19554370
1500,3,2,8,2,3,2014,19320740
800000,4,2,7,1,1,2014,39491520
9999999,1,0,7,4,3,2014,35532188
100000,3,1,2,1,1,2014,19136774
625000,4,0,10,1,3,2014,79122544
300000,2,1,7,1,1,2014,28251930
400000,1,1,4,1,1,2014,34309168
17520,1,0,9,2,1,2014,18759960
1000000,3,1,1,1,1,2014,57536908
2000000,3,2,7,1,1,2014,38104752
5851008,4,1,5,1,3,2014,82247616
700000,3,1,1,4,3,2014,122826816
350000,3,0,6,1,1,2014,15219523
846200,2,0,3,1,3,2014,61567256
250000,1,0,5,1,1,2014,21963468
500000,2,2,7,1,1,2014,19017132
800000,3,1,6,1,3,2014,15219523
1000000,1,0,3,4,3,2014,20709972
9999999,2,1,3,1,3,2014,53609140
1500000,1,0,1,1,3,2014,23270772
525000,2,1,2,4,3,2014,38225484
2500000,4,1,6,4,1,2014,70840688
500000,6,2,7,1,1,2014,61808056
600000,5,3,6,1,3,2014,53084264
700000,2,1,5,1,3,2014,39076192
5851008,3,3,6,1,3,2014,54621952
650000,3,1,5,1,1,2014,51969228
5851008,4,1,5,1,1,2014,41219436
2000000,3,2,1,1,1,2014,108601080
1800000,3,1,3,1,3,2014,103448352
620000,3,1,7,1,1,2014,54106572
1200000,2,1,5,1,1,2014,20246358
2300000,3,2,6,1,3,2014,40128632
1400000,2,0,3,1,1,2014,40128632
849000,2,2,10,1,3,2014,100038880
1500000,3,0,2,1,1,2014,43933256
350000,2,1,3,4,3,2014,57002800
700000,2,1,3,1,1,2014,35621404
120000,3,1,7,2,3,2014,19879926
1700000,3,0,5,1,1,2014,39076192
650000,1,0,5,1,3,2014,20880040
1500000,2,0,1,1,3,2014,20004948
175000,4,1,8,2,1,2014,1568189
700000,3,1,3,1,3,2014,48631348
600000,3,1,10,1,1,2014,37901000
550000,2,1,2,1,3,2014,17425820
5851008,4,2,5,1,3,2014,48264304
700000,3,1,3,1,3,2014,42504872
2000000,3,3,5,1,1,2014,66114808
650000,3,1,2,1,3,2014,28429670
300000,2,1,2,1,3,2014,28429670
1500000,4,2,1,1,3,2014,88032208
465000,2,1,6,1,3,2014,40128632
650000,2,1,4,1,1,2014,24736572
1700000,3,1,5,1,3,2014,82830184
400000,2,0,6,3,3,2014,35322096
400000,2,1,2,4,3,2014,28429670
400000,1,0,1,1,1,2014,23270772
900000,3,1,4,1,1,2014,65850336
165000,5,1,8,2,1,2014,926833
798000,2,0,4,1,3,2014,51024576
900000,3,2,6,1,3,2014,35322096
9999999,4,1,3,1,1,2014,20623284
250000,4,3,6,1,1,2014,171304800
50000,5,1,10,4,1,2014,110650776
2500000,7,1,6,1,3,2014,30439044
850000,2,1,3,4,1,2014,42504872
8000,2,2,8,2,1,2014,40951492
1200000,1,0,6,1,3,2014,20064316
900000,2,1,5,1,3,2014,21941736
650000,3,0,4,1,3,2014,34309168
5851008,3,1,6,1,3,2014,15219523
1550000,3,2,6,1,3,2014,46400440
980000,4,3,8,1,1,2014,74399480
1500000,2,1,1,1,1,2014,23270772
9999999,3,1,5,3,1,2014,140778240
1300000,3,2,6,1,3,2014,21514652
600000,2,2,4,1,1,2014,24736572
5851008,5,3,5,1,3,2014,48264304
300000,4,1,8,2,3,2014,62985828
1500000,3,2,5,3,3,2014,21941736
250000,1,0,3,1,1,2014,19678182
1500000,3,2,5,1,1,2014,85014976
600000,2,1,5,1,1,2014,21963468
70000,2,1,3,1,3,2014,24066944
2000000,5,1,5,1,1,2014,21941736
550000,2,1,4,1,1,2014,20484408
5851008,3,4,6,1,3,2014,15219523
80000,3,1,5,2,3,2014,72096280
1263000,3,1,6,1,1,2014,35322096
1007000,3,1,1,4,1,2014,117647200
2500000,2,4,5,1,3,2014,39076192
5851008,5,2,5,1,3,2014,72086128
425000,3,3,5,1,3,2014,32035766
2000000,3,0,6,3,3,2014,71385312
650000,2,0,6,4,3,2014,89250504
750000,4,1,10,1,3,2014,46862144
1500000,3,0,1,1,1,2014,51800672
1500000,3,2,6,1,3,2014,35322096
9999999,2,1,4,1,1,2014,20392432
5851008,3,2,7,2,1,2014,57036952
800000,3,1,5,1,1,2014,21941736
600000,2,1,4,1,3,2014,24736572
3000000,4,3,5,1,3,2014,19538096
550000,3,0,8,2,3,2014,33166848
2000000,3,3,5,3,1,2014,35973844
1000000,3,2,4,1,3,2014,34309168
675000,2,1,4,1,1,2014,23059516
50000,3,1,3,3,3,2014,118765600
755000,2,1,1,2,1,2014,23270772
900000,2,0,3,1,3,2014,41419944
700000,2,1,7,1,3,2014,52419580
550000,2,1,3,1,1,2014,24066944
3350000,5,1,5,1,3,2014,74509480
5851008,3,0,1,1,1,2014,17215546
2000000,3,0,4,1,3,2014,24736572
80025,2,1,3,1,1,2014,40338824
600000,2,1,5,4,1,2014,55779160
5851008,5,3,6,1,3,2014,48819288
2500000,4,1,4,1,3,2014,44662488
900000,3,1,6,1,3,2014,15219523
525000,2,1,2,4,1,2014,43933256
750000,2,0,2,3,3,2014,28429670
550000,2,0,3,1,1,2014,24066944
450000,4,2,10,3,1,2014,212039408
1200000,3,3,5,1,1,2014,21941736
700000,2,1,1,1,1,2014,20502638
750000,4,1,6,1,3,2014,15219523
420000,2,1,2,1,3,2014,65782572
706877,2,1,6,1,3,2014,21068526
500000,1,0,3,1,1,2014,24066944
5851008,4,1,6,1,3,2014,59120420
495000,2,1,4,1,3,2014,23059516
1000000,4,4,5,1,3,2014,55529564
1200000,3,1,5,1,3,2014,39076192
25000,3,1,1,1,3,2014,46541544
2000000,3,1,3,1,3,2014,24066944
600000,2,0,6,1,1,2014,15219523
500000,2,1,6,1,1,2014,15219523
5851008,4,4,9,1,3,2014,60647488
5851008,3,2,3,1,3,2014,19737580
1600000,3,1,5,1,1,2014,21941736
5851008,4,3,5,1,1,2014,19538096
2000000,4,2,3,1,1,2014,94342528
1500000,3,2,5,1,1,2014,39076192
100000,3,1,10,2,3,2014,55673756
3000000,4,4,9,1,1,2014,65782572
680000,3,1,6,3,1,2014,117275688
300000,4,1,8,2,3,2014,145617760
65000,3,1,7,2,1,2014,38104752
1500000,2,1,3,1,3,2014,38283948
650000,2,1,2,1,3,2014,19951768
750000,2,1,1,1,3,2014,20004948
600000,2,2,5,1,1,2014,21615868
315000,1,0,4,3,1,2014,24736572
2500000,2,0,6,4,3,2014,55010600
900000,2,1,6,1,1,2014,15219523
900000,2,1,4,2,3,2014,24736572
100000,3,3,2,1,1,2014,19136774
100000,3,1,2,1,3,2014,46930896
600000,2,0,4,1,1,2014,38191264
625000,2,1,3,1,1,2014,24066944
700000,3,0,3,1,3,2014,47895948
775000,2,1,6,1,1,2014,16768935
1000000,3,1,6,1,1,2014,15219523
1800000,3,1,5,1,1,2014,39475160
600000,5,3,5,1,1,2014,75404800
5851008,3,2,6,1,1,2014,70024872
440000,2,1,5,1,1,2014,21941736
500000,2,1,2,3,3,2014,43933256
9999999,3,1,10,3,3,2014,63081416
675000,3,1,4,1,3,2014,22331244
9999999,1,0,7,3,3,2014,83462776
840000,2,1,6,1,3,2014,30439044
950000,3,1,4,1,3,2014,56798032
1000000,2,2,5,1,1,2014,21941736
900000,4,1,2,4,1,2014,62646764
2000000,3,2,4,1,3,2014,40454868
1200000,3,1,5,1,1,2014,89117752
200000,2,1,3,1,3,2014,20064316
700000,1,0,4,1,1,2014,19389524
500000,2,1,4,1,3,2014,20246358
1500000,4,2,1,1,3,2014,40821916
512000,3,1,10,1,1,2014,38191264
550000,2,1,3,1,1,2014,22665608
431100,3,1,4,1,1,2014,24736572
1200000,3,0,1,1,3,2014,28768456
900000,3,1,3,1,3,2014,61672376
700000,2,0,5,1,1,2014,20301984
995000,2,1,6,3,3,2014,106916728
2500000,4,2,5,4,3,2014,80132752
5851008,4,1,1,1,1,2014,88814728
450000,1,0,1,1,1,2014,22213012
6000,3,1,2,1,3,2014,19136774
1300000,3,0,5,4,1,2014,87578064
9999999,3,1,8,2,1,2014,20351656
1000000,3,1,6,1,1,2014,98895440
1000000,3,0,5,1,1,2014,21941736
120000,3,1,7,2,3,2014,19879926
900000,2,1,5,1,3,2014,35539616
700000,2,2,1,1,1,2014,22156276
700000,2,0,5,1,1,2014,21941736
5851008,4,1,5,2,1,2014,48166936
300000,3,1,10,3,3,2014,121401072
600000,2,1,6,1,3,2014,15219523
5851008,2,1,1,1,1,2014,23270772
1400000,3,2,5,1,1,2014,40934072
550000,3,1,2,1,3,2014,52901308
60000,3,1,9,2,1,2014,19320740
1000000,3,1,5,1,1,2014,56535320
1700000,3,2,5,1,1,2014,21684872
400000,4,2,3,1,3,2014,103448352
850000,3,1,5,1,3,2014,40373624
435000,2,1,4,1,1,2014,37038304
1800000,4,1,9,1,1,2014,18059388
700000,2,0,4,4,3,2014,24736572
5851008,5,1,5,4,3,2014,39076192
1200000,1,0,6,1,1,2014,17661048
550000,2,0,2,1,3,2014,56859340
350000,2,0,4,3,3,2014,33942844
470000,1,0,3,1,1,2014,20709972
2300000,3,1,6,1,3,2014,59679280
950000,3,1,5,1,3,2014,40603968
5851008,3,3,6,1,1,2014,18315956
1650000,2,0,3,1,1,2014,46569536
200000,4,1,8,2,1,2014,20351656
800000,2,1,6,1,1,2014,30728940
1750000,5,2,5,1,3,2014,70217576
825000,2,2,1,4,1,2014,46545608
925000,3,0,3,4,3,2014,45497652
22000,3,1,8,2,3,2014,60503712
750000,2,1,6,4,1,2014,15219523
700000,2,1,1,1,3,2014,16302333
9999999,3,1,10,3,1,2014,25319268
1500000,3,3,4,1,3,2014,24736572
680000,3,0,8,4,1,2014,39436080
900000,2,1,6,1,3,2014,17661048
900000,2,1,6,1,3,2014,15991577
400000,1,0,4,1,3,2014,34309168
1000500,3,1,1,4,1,2014,57536908
1700000,3,2,9,1,3,2014,16711195
500000,4,2,10,1,1,2014,65782572
1500000,2,2,5,1,1,2014,39076192
1800000,3,1,4,1,1,2014,41599344
5851008,5,3,5,1,3,2014,90776200
5851008,3,2,5,1,1,2014,39076192
400000,3,1,5,1,3,2014,20064316
735000,2,1,5,1,1,2014,23607316
750000,3,1,6,1,1,2014,49461648
325000,1,0,4,1,1,2014,20484408
1750000,4,4,1,1,3,2014,93603016
1000000,2,2,6,1,3,2014,35322096
24972,2,1,1,4,3,2014,57435200
1000000,3,1,6,1,3,2014,35322096
1700000,3,0,3,1,1,2014,48133884
1500000,3,1,2,1,3,2014,54151752
600000,2,1,4,1,1,2014,17536378
800000,3,1,6,1,1,2014,39455884
700000,4,1,8,1,1,2014,21431736
750000,3,1,10,1,3,2014,65621212
600000,3,1,1,4,1,2014,76915152
2100000,4,2,6,1,3,2014,76088944
925000,3,1,4,1,3,2014,24736572
1200000,3,3,6,1,3,2014,77921608
1500000,5,2,1,4,3,2014,207368976
3000000,3,2,6,1,3,2014,82540032
1800000,2,0,3,1,1,2014,24066944
850000,4,1,4,1,3,2014,18713036
618000,1,0,3,1,1,2014,18578440
600000,4,3,6,1,3,2014,33979156
100000,2,0,3,1,3,2014,42504872
480000,2,0,5,1,1,2014,21941736
2000000,2,1,6,1,1,2014,26197428
2000000,2,1,1,1,3,2014,23270772
1500000,4,2,6,1,3,2014,15219523
900000,1,0,6,1,3,2014,21927906
650000,2,1,6,1,1,2014,35322096
600000,3,1,9,2,1,2014,19718040
9999999,3,2,5,1,3,2014,63949624
9999999,3,1,10,3,3,2014,186976352
600000,4,1,7,1,1,2014,109371632
1700000,3,2,5,1,1,2014,66114808
1000000,4,1,5,1,3,2014,20064316
200000,1,1,7,1,1,2014,28251930
5851008,5,1,6,1,3,2014,137714288
2000000,1,0,5,4,3,2014,20322092
500000,3,1,6,1,3,2014,17661048
1000000,3,1,6,1,1,2014,40128632
800000,2,1,1,1,1,2014,23270772
650000,3,1,4,1,3,2014,44662488
900000,4,0,3,1,1,2014,20064316
1000000,2,1,1,1,1,2014,23270772
400000,1,0,10,1,1,2014,28251930
470000,1,0,3,1,3,2014,20410956
600000,2,1,6,1,1,2014,15219523
525000,1,0,4,1,1,2014,34309168
800000,2,1,6,1,1,2014,15219523
450000,2,1,5,4,1,2014,21941736
5851008,3,1,6,1,3,2014,15219523
6000,4,2,2,1,1,2014,43933256
750000,4,1,1,1,3,2014,23270772
650000,2,1,4,4,3,2014,36804380
700000,1,0,3,3,1,2014,18486482
800000,4,1,10,1,1,2014,28251930
450000,2,2,1,1,3,2014,33629984
100000,3,1,2,4,3,2014,67777912
9999999,1,0,7,1,1,2014,20824936
700000,3,2,10,1,1,2017,54471148
300000,4,2,10,3,1,2017,227080048
3000000,4,3,1,1,1,2017,58910848
1200000,3,0,1,4,1,2017,130772416
1600000,3,2,1,1,3,2017,28540232
3000000,3,0,1,1,3,2017,27504556
1600000,3,1,1,1,3,2017,108429616
2000000,3,1,1,1,1,2017,138777488
2000000,2,1,1,1,3,2017,57080464
2000000,3,1,1,1,3,2017,27504556
1850000,2,1,1,1,1,2017,30117274
6387127,4,2,1,1,3,2017,62166072
1600000,4,2,1,1,3,2017,68432704
3950000,3,2,1,4,3,2017,60234548
6387127,6,2,1,1,3,2017,381386208
1800000,3,1,1,1,1,2017,24127948
20000,3,1,1,2,1,2017,73865800
10000,4,1,1,1,3,2017,101149432
2000000,3,1,1,4,1,2017,27504556
2000000,2,2,1,1,1,2017,57080464
6387127,4,2,1,4,3,2017,99302520
6387127,1,0,1,1,3,2017,27504556
800000,2,1,1,1,1,2017,45553320
6387127,5,1,1,1,3,2017,58910848
800000,2,3,1,1,3,2017,55009112
770000,3,1,1,1,3,2017,26219400
2100000,2,1,1,1,3,2017,57080464
2000000,1,0,1,1,3,2017,27504556
3000000,3,0,1,1,1,2017,27504556
3000000,3,3,1,1,1,2017,118546368
6387127,5,2,1,4,3,2017,178018016
6387127,4,0,1,4,3,2017,90119632
3000000,4,1,1,1,3,2017,27504556
3000000,3,1,1,1,3,2017,55009112
6387127,3,0,1,1,3,2017,162212944
3500000,1,0,1,1,1,2017,57080464
2800000,3,2,1,1,3,2017,96217152
6387127,4,1,1,1,3,2017,21674904
800000,1,1,1,1,3,2017,26219400
675000,1,0,1,1,3,2017,28540232
770000,2,1,1,1,3,2017,26219400
6387127,4,3,1,1,3,2017,58910848
1700000,3,1,1,4,1,2017,89434864
1300000,2,0,1,3,1,2017,27504556
1000000,2,1,1,1,1,2017,27504556
1000000,2,0,1,4,1,2017,45553320
850000,1,1,1,1,3,2017,31830184
1675000,3,2,1,1,3,2017,55009112
1100000,2,0,1,1,3,2017,107308496
2000000,3,0,1,3,3,2017,167994528
2000000,3,0,1,1,1,2017,57080464
2000000,3,0,1,1,1,2017,28540232
6387127,3,3,1,1,3,2017,28386536
1006000,3,1,1,4,1,2017,57080464
6387127,4,1,1,1,3,2017,60695736
6387127,4,2,1,1,3,2017,100277680
6387127,3,1,1,1,3,2017,57080464
6387127,3,1,1,1,3,2017,27504556
6387127,3,1,1,1,3,2017,62834444
475000,1,0,1,1,1,2017,29202104
1800000,3,1,1,1,3,2017,31830184
1200000,2,1,1,1,1,2017,27504556
1800000,2,1,1,1,3,2017,26219400
2000000,2,1,1,1,3,2017,27504556
9999999,2,0,1,1,3,2017,26755374
750000,3,3,1,1,3,2017,58910848
3000000,4,1,1,4,3,2017,57080464
1000000,3,1,1,1,3,2017,46147068
1300000,3,1,1,4,1,2017,124356432
925000,2,1,1,4,3,2017,30347868
1800000,3,0,1,4,1,2017,132206512
1000000,3,2,1,1,3,2017,102311200
600000,2,0,1,4,1,2017,22776660
760000,2,0,1,1,3,2017,27504556
2000000,4,1,1,1,3,2017,57080464
1200000,2,1,1,1,3,2017,27504556
2000000,2,1,1,1,3,2017,27504556
1500000,3,1,1,1,1,2017,62834444
6387127,3,2,1,1,1,2017,73872440
3000000,3,3,1,1,1,2017,134696432
9999999,2,1,1,3,3,2017,45099484
525000,1,0,1,1,1,2017,27504556
700000,2,1,1,4,3,2017,63660364
475000,3,1,1,1,3,2017,30301704
700000,3,1,1,1,3,2017,26219400
1250000,2,1,1,1,1,2017,27504556
340000,2,1,1,4,3,2017,27837632
800000,4,0,2,4,3,2017,114124704
600000,2,0,2,4,1,2017,80879352
650000,2,1,2,4,1,2017,54471148
500000,3,1,2,1,1,2017,54471148
800000,3,1,2,1,3,2017,61418216
1800000,5,3,2,4,1,2017,106985424
1200000,3,0,2,4,1,2017,155612224
1200000,4,3,2,4,3,2017,47014064
800000,2,1,2,1,1,2017,48292704
900000,3,1,2,1,3,2017,72923160
900000,4,2,2,1,3,2017,28256832
750000,3,2,2,3,3,2017,27378882
600000,2,1,2,1,3,2017,54757764
600000,2,1,2,1,3,2017,110418624
800000,3,1,2,1,3,2017,48398156
2000000,2,1,2,3,3,2017,46643660
30000,4,0,2,4,1,2017,51830120
4000,4,1,2,3,3,2017,117333976
450000,2,1,2,4,1,2017,85869176
400000,2,1,2,4,3,2017,29068676
700000,2,1,2,4,1,2017,49472240
4000,3,1,2,1,3,2017,23648108
4000,3,1,2,1,1,2017,23648108
80000,4,1,2,1,3,2017,27058892
500000,2,1,2,1,3,2017,44720724
1700000,3,3,2,3,1,2017,28108928
3000000,4,1,2,1,3,2017,24146352
6387127,4,3,2,1,1,2017,100759744
500000,3,1,2,4,3,2017,54562812
500000,2,0,2,1,1,2017,40820256
500000,3,1,2,3,1,2017,23321830
1750000,3,1,2,1,3,2017,54757764
1750000,2,1,2,1,3,2017,27378882
9999999,3,1,2,3,1,2017,169222288
595,3,1,2,2,1,2017,62282248
25000,3,1,2,4,1,2017,91204528
9999999,3,1,2,1,3,2017,825971
9999999,3,1,2,4,1,2017,55016356
1000000,2,1,2,1,3,2017,54757764
1000000,2,1,3,1,3,2017,56381548
100000,3,1,3,1,1,2017,28105698
90000,2,1,3,1,1,2017,60181936
90000,3,1,3,1,3,2017,71317744
90000,2,0,3,3,3,2017,30090968
92000,2,1,3,1,1,2017,67951384
2000000,3,1,3,4,1,2017,28190774
800000,4,1,3,1,1,2017,133628304
140000,2,0,3,1,3,2017,30090968
80000,2,1,3,1,1,2017,28105698
750000,2,1,3,1,1,2017,26330870
1000000,3,1,3,1,3,2017,26330870
2100000,4,2,3,1,1,2017,137913312
1000000,2,1,3,3,1,2017,26330870
725000,2,0,3,1,3,2017,26330870
925000,2,1,3,1,1,2017,26330870
480000,2,0,3,1,3,2017,67589408
1500000,4,1,3,1,3,2017,143926656
1500000,3,0,3,1,3,2017,62437896
500000,4,0,3,1,3,2017,54009864
500000,2,1,3,1,3,2017,26330870
610000,1,0,3,4,3,2017,24714936
735000,1,1,3,1,3,2017,20677080
700000,1,1,3,1,3,2017,24592446
1800000,2,0,3,1,1,2017,45553320
1350000,1,0,3,1,3,2017,24592446
1900000,2,0,3,1,3,2017,26330870
1500000,2,1,3,1,3,2017,24592446
425000,2,0,3,1,3,2017,32220904
845000,1,1,3,3,3,2017,66191344
700000,3,1,3,1,3,2017,62065072
800000,2,1,3,1,3,2017,28190774
1000000,3,2,3,4,1,2017,26330870
500000,1,0,3,1,3,2017,57970288
1600000,2,1,3,1,3,2017,58606064
1100000,2,0,3,4,3,2017,24592446
2200000,4,0,3,1,3,2017,66848252
1000000,2,1,3,1,3,2017,56381548
2000000,3,2,3,1,3,2017,84301160
850000,2,1,3,3,1,2017,62437896
650000,2,1,3,1,1,2017,26330870
550000,2,1,3,1,1,2017,26330870
775000,2,1,3,1,1,2017,26330870
600000,2,0,3,1,1,2017,26330870
900000,2,0,3,1,1,2017,21221826
1000000,2,1,3,1,3,2017,54142960
405000,1,0,3,2,1,2017,21953244
1000000,3,1,3,4,1,2017,28190774
650000,2,1,3,1,3,2017,52661740
500000,1,0,3,1,3,2017,24592446
950000,2,1,3,1,1,2017,26330870
850000,2,1,3,1,1,2017,26330870
900000,1,0,3,1,1,2017,26330870
1001000,2,1,3,1,3,2017,26330870
1200000,2,1,3,1,3,2017,26330870
550000,1,1,3,1,3,2017,22776660
2500000,4,1,3,1,3,2017,97162016
1850000,3,0,3,1,1,2017,49429872
1400000,2,1,3,4,3,2017,44061520
400000,2,0,3,4,1,2017,59861352
425000,2,0,3,1,3,2017,27955982
750000,2,0,3,1,1,2017,56381548
750000,3,1,3,1,3,2017,56381548
500000,2,3,3,1,3,2017,26330870
500000,3,1,3,1,3,2017,52661740
1500000,3,1,3,1,3,2017,28190774
600000,2,0,3,4,3,2017,26330870
650000,2,0,3,1,1,2017,24127948
250000,1,0,3,1,1,2017,69570296
1700000,3,0,3,1,1,2017,88768768
1300000,3,0,3,1,3,2017,66848252
9999999,2,0,3,1,3,2017,57033320
9999999,2,0,3,1,3,2017,23976518
1300000,5,3,4,1,3,2017,55060904
2000000,3,2,4,1,1,2017,50922568
2000000,3,2,4,1,1,2017,27409940
1000000,2,1,4,1,3,2017,27409940
400000,1,0,4,4,1,2017,62960532
450000,1,1,4,1,3,2017,29101652
400000,2,1,4,1,3,2017,54065452
700000,2,1,4,1,1,2017,27409940
700000,2,1,4,4,3,2017,22776660
600000,2,1,4,4,3,2017,50922568
450000,2,1,4,1,1,2017,29101652
400000,1,0,4,4,1,2017,22004304
3000000,5,0,4,4,3,2017,50922568
400000,1,0,4,1,1,2017,54065452
25000,4,2,4,2,3,2017,77725800
25000,4,1,4,2,1,2017,118656560
25000,4,2,4,1,3,2017,85519608
120000,4,1,4,4,1,2017,114747368
6387127,3,5,4,1,3,2017,83026752
2200000,3,2,4,1,3,2017,27409940
6387127,3,4,4,1,1,2017,56453144
2340000,3,0,4,1,1,2017,27409940
500000,1,0,4,1,1,2017,27409940
500000,1,0,4,1,1,2017,22776660
750000,2,1,4,1,3,2017,27409940
3600000,4,1,4,1,3,2017,25461284
6387127,2,2,4,1,3,2017,27409940
1100000,3,2,4,1,1,2017,110764488
800000,2,1,4,1,1,2017,27409940
600000,2,0,4,1,3,2017,54819880
600000,3,1,4,1,3,2017,27409940
590000,2,1,4,1,1,2017,85837144
800000,3,1,4,1,3,2017,25461284
1000000,3,1,4,1,3,2017,20725172
1100000,3,1,4,1,3,2017,25461284
825000,1,0,4,1,3,2017,24845064
1000000,2,1,4,3,1,2017,27409940
425000,1,0,4,4,3,2017,29101652
290000,1,0,4,3,1,2017,78954848
640000,2,0,4,1,3,2017,50922568
700000,2,1,4,1,3,2017,27409940
675000,2,1,4,4,3,2017,77627624
9999999,3,3,4,3,1,2017,105925928
320000,1,0,4,4,1,2017,26378472
6387127,3,1,4,1,1,2017,50922568
1500000,4,0,4,1,1,2017,49690124
1100000,2,0,4,1,3,2017,94145456
600000,2,1,4,1,3,2017,27409940
625000,2,1,4,1,3,2017,27409940
1500000,3,0,4,1,3,2017,50922568
1500000,2,2,4,1,1,2017,25461284
715000,2,0,4,1,3,2017,27409940
2700000,3,1,4,1,3,2017,50310692
9999999,3,2,4,1,3,2017,95135488
9999999,2,1,4,1,3,2017,28809586
9999999,2,2,4,1,3,2017,17800824
625000,2,2,4,1,3,2017,27409940
1000000,2,2,4,1,3,2017,25461284
700000,2,2,4,4,1,2017,27409940
725000,1,0,4,1,3,2017,24845064
1000000,2,1,4,4,1,2017,27409940
2100000,3,4,4,1,3,2017,56577772
490000,1,0,4,1,3,2017,29101652
600000,2,1,4,1,3,2017,45553320
330000,1,0,4,4,3,2017,22004304
250000,2,1,4,1,1,2017,79913248
1300000,2,1,4,4,3,2017,41971392
2500000,3,1,4,4,3,2017,25461284
615000,2,0,4,1,3,2017,41971392
900000,3,0,4,2,1,2017,27409940
925000,2,0,4,1,3,2017,56055800
1500000,2,3,4,1,1,2017,50922568
650000,2,1,4,1,3,2017,27409940
400000,1,0,4,4,3,2017,29086260
650000,2,1,4,2,1,2017,54819880
260000,1,0,4,3,1,2017,28526064
600000,2,1,4,4,1,2017,54819880
1250000,2,2,4,1,3,2017,27409940
400000,4,1,4,1,3,2017,86548224
745000,2,1,4,1,1,2017,27409940
750000,3,1,4,1,3,2017,50310692
750000,2,1,4,1,3,2017,27409940
1100000,2,1,4,4,1,2017,54819880
3000000,4,1,4,1,3,2017,117829264
172212,3,1,4,1,3,2017,21734144
2600000,3,1,4,4,3,2017,50922568
400000,2,1,4,1,3,2017,29101652
750000,2,1,4,1,3,2017,54819880
750000,3,2,4,1,1,2017,110764488
625000,2,1,4,1,3,2017,27409940
400000,1,0,4,1,1,2017,27032726
550000,2,0,4,1,1,2017,25461284
520000,2,0,4,1,3,2017,54819880
1100000,2,1,4,4,3,2017,20985696
9999999,3,0,4,2,3,2017,69757400
1200000,3,1,5,1,3,2017,81916008
1000000,3,1,5,1,3,2017,42443652
950000,4,0,5,1,3,2017,132612944
1000000,3,1,5,1,1,2017,24685720
400000,4,0,5,1,3,2017,53415812
800000,2,1,5,1,3,2017,24685720
1000000,2,1,5,1,3,2017,51171768
1000000,3,1,5,1,1,2017,24685720
560000,1,0,5,1,1,2017,24685720
560000,3,0,5,1,3,2017,25585884
590000,2,0,5,4,3,2017,51171768
2000000,3,1,5,1,3,2017,51171768
2000000,4,4,5,1,3,2017,158090416
1756000,5,3,5,1,3,2017,54399304
6387127,4,2,5,1,1,2017,123126384
1000000,3,1,5,1,3,2017,51171768
700000,2,1,5,1,1,2017,24685720
2000000,3,2,5,1,3,2017,24685720
1500000,2,0,5,1,3,2017,25585884
1400000,3,2,5,1,3,2017,79034032
700000,2,1,5,4,1,2017,25155346
515000,1,1,5,1,1,2017,24685720
1500000,3,2,5,1,1,2017,83222512
800000,2,1,5,1,1,2017,25155346
6387127,5,3,5,1,1,2017,116798192
2750000,4,4,5,1,1,2017,54399304
6387127,5,3,5,1,3,2017,160108320
800000,2,1,5,1,3,2017,24234592
500000,2,1,5,1,1,2017,24685720
600000,2,0,5,1,3,2017,24685720
1000000,3,0,5,1,3,2017,24685720
1800000,3,1,5,1,3,2017,49371440
1800000,1,0,5,4,1,2017,24685720
350000,2,0,5,1,3,2017,109842112
1800000,3,2,5,1,3,2017,24685720
999000,2,1,5,1,3,2017,70816976
2000000,4,3,5,1,3,2017,62616856
150000,1,0,5,1,1,2017,19574032
6387127,4,3,5,1,3,2017,51923992
500000,4,2,5,1,3,2017,52812680
500000,3,1,5,1,3,2017,25585884
500000,5,2,5,1,3,2017,25961996
6387127,5,3,5,4,1,2017,111169848
3000000,5,3,5,3,3,2017,54399304
800000,2,0,5,1,3,2017,24234592
250000,2,1,5,4,1,2017,26627734
500000,2,1,5,1,1,2017,24685720
6387127,3,1,5,1,1,2017,49371440
3500000,5,3,5,1,1,2017,77374096
3500000,3,1,5,1,1,2017,42451944
1700000,4,1,5,1,3,2017,50310692
850000,3,0,5,1,3,2017,24685720
850000,3,0,5,1,3,2017,115032640
2100000,4,0,5,4,3,2017,51171768
9999999,3,1,5,1,1,2017,42405072
2000000,3,1,5,1,1,2017,49371440
2000000,3,1,5,1,1,2017,22776660
1700000,3,1,5,1,1,2017,25987744
1000000,2,0,5,4,1,2017,24234592
1500000,3,1,5,1,3,2017,51171768
1200000,2,1,5,1,3,2017,45553320
1200000,2,1,5,1,3,2017,24685720
1200000,1,0,5,1,3,2017,24685720
1700000,3,1,5,1,3,2017,80537592
800000,2,2,5,1,1,2017,24685720
950000,2,2,5,1,1,2017,45553320
1400000,2,1,5,1,3,2017,51171768
2000000,4,2,5,1,3,2017,52812680
3500000,3,1,5,1,3,2017,24685720
6387127,3,1,5,1,3,2017,24685720
625000,2,1,5,1,3,2017,24234592
1000000,3,1,5,1,1,2017,80537592
850000,3,0,5,1,3,2017,63660364
580000,2,0,5,1,3,2017,24685720
9999999,2,1,5,3,1,2017,40364064
1200000,3,1,5,1,1,2017,50310692
1700000,3,2,5,3,3,2017,49371440
1400000,3,2,5,1,3,2017,51171768
1200000,2,1,5,1,3,2017,30117274
6387127,4,2,5,1,3,2017,25477312
1200000,3,1,5,1,1,2017,119289176
2100000,3,2,5,1,1,2017,48469184
9999999,3,1,5,1,1,2017,66690304
550000,2,1,5,1,1,2017,25585884
1000000,3,1,5,1,3,2017,83222512
500000,2,0,5,1,3,2017,50145308
500000,3,0,5,1,3,2017,17404758
950000,3,0,5,1,3,2017,24234592
650000,2,0,5,1,1,2017,48469184
650000,1,0,5,1,3,2017,24685720
515000,1,1,5,1,3,2017,22776660
900000,1,0,5,1,3,2017,22776660
2300000,3,1,5,1,3,2017,54790888
3900000,5,1,5,1,1,2017,114316344
9999999,4,2,5,1,3,2017,42405072
1400000,3,1,5,1,1,2017,115032640
6387127,4,3,5,1,3,2017,51923992
3500000,4,2,5,1,1,2017,52812680
2560000,4,1,5,1,3,2017,121342656
2000000,3,1,5,1,1,2017,112885104
1900000,3,1,5,1,1,2017,51171768
1500000,2,1,5,1,3,2017,24685720
2000000,3,0,5,1,1,2017,49371440
600000,3,1,5,1,1,2017,54348312
600000,2,1,5,1,1,2017,51171768
1000000,2,2,5,1,1,2017,24685720
2000000,3,3,5,1,1,2017,52812680
9999999,3,1,5,3,1,2017,37844384
6387127,3,5,5,1,1,2017,55330356
6387127,5,3,5,1,1,2017,128996040
800000,2,0,5,1,1,2017,24685720
710000,2,0,5,1,3,2017,24685720
6387127,4,3,5,1,1,2017,26406340
6387127,4,3,5,1,3,2017,26406340
2200000,4,1,5,1,1,2017,147745680
2000000,4,3,5,1,3,2017,107495088
9999999,2,2,5,1,1,2017,21975684
6387127,7,1,5,1,1,2017,27199652
6387127,5,3,5,1,3,2017,55330356
1350000,3,1,5,1,1,2017,83222512
450000,3,1,5,1,3,2017,26209296
1300000,2,1,5,1,3,2017,24234592
170000,3,1,5,1,3,2017,63860616
6387127,3,1,5,1,3,2017,51171768
520000,2,1,5,1,3,2017,24685720
300000,3,1,5,1,1,2017,27165016
9999999,1,0,5,3,1,2017,111029368
450000,2,2,5,1,1,2017,26209296
1200000,4,0,5,1,3,2017,60671328
400000,1,0,5,1,1,2017,25730324
6387127,6,2,5,1,3,2017,155761488
750000,3,2,5,2,1,2017,24685720
750000,3,2,5,3,1,2017,163172976
1000000,3,2,5,3,3,2017,50310692
415000,3,2,5,3,1,2017,53415812
3000000,4,1,5,1,3,2017,56708048
3000000,4,1,5,4,3,2017,112258280
2000000,2,1,5,1,3,2017,24234592
9999999,3,1,5,1,3,2017,20815060
1500000,3,2,6,1,3,2017,40298696
600000,2,1,6,1,1,2017,20149348
800000,2,1,6,1,3,2017,22791020
625000,2,1,6,1,3,2017,45582040
1200000,3,1,6,4,3,2017,45553320
1200000,2,2,6,1,1,2017,45553320
2100000,3,2,6,1,1,2017,111550856
2500000,3,2,6,1,3,2017,140155248
1400000,3,2,6,1,3,2017,54716524
1000000,2,1,6,1,3,2017,20149348
2800000,5,2,6,1,1,2017,161956640
6387127,4,4,6,1,1,2017,49286364
6387127,7,1,6,1,3,2017,205576656
6387127,3,3,6,1,3,2017,47043704
6387127,5,3,6,1,3,2017,71555160
6387127,5,3,6,1,3,2017,71555160
2000000,4,1,6,1,1,2017,45582040
3000000,4,3,6,1,3,2017,169131648
429000,3,1,6,1,1,2017,42785884
800000,3,1,6,1,1,2017,44360992
1000000,3,1,6,1,1,2017,20149348
3000000,4,2,6,4,3,2017,126832888
2800000,3,2,6,1,1,2017,45553320
6387127,4,1,6,1,1,2017,22776660
6387127,4,2,6,1,1,2017,47043704
2900000,3,1,6,1,3,2017,45582040
3500000,3,1,6,1,3,2017,22776660
6387127,5,3,6,1,3,2017,78848128
3750000,3,1,6,1,3,2017,20149348
3500000,3,1,6,1,3,2017,27358262
1200000,2,1,6,1,3,2017,45582040
870000,2,1,6,1,1,2017,45582040
900000,2,1,6,1,1,2017,20149348
800000,2,1,6,1,1,2017,20149348
2500000,4,2,6,1,1,2017,49117624
200000,3,1,6,1,3,2017,41939644
200000,2,1,6,1,3,2017,34435920
900000,2,2,6,1,3,2017,20149348
715000,2,1,6,4,1,2017,22791020
6387127,5,2,6,1,3,2017,156162400
6387127,5,3,6,1,3,2017,49286364
550000,2,1,6,1,3,2017,87590464
1000000,2,2,6,1,1,2017,20149348
1500000,3,1,6,1,3,2017,45582040
1500000,2,1,6,1,3,2017,45582040
1500000,5,3,6,2,3,2017,56412228
9999999,1,0,6,1,3,2017,26411128
1000000,3,1,6,1,3,2017,40298696
1250000,3,2,6,1,1,2017,20149348
600000,2,1,6,1,3,2017,20149348
1400000,3,2,6,1,3,2017,66177128
1500000,3,1,6,1,3,2017,20149348
1000000,2,1,6,1,3,2017,20149348
800000,2,0,6,4,3,2017,20149348
9999999,5,1,6,1,3,2017,17306250
1200000,3,1,6,4,1,2017,46695368
400000,1,0,6,1,3,2017,21392942
1700000,4,2,6,1,3,2017,20795470
1000000,2,1,6,1,3,2017,50176920
2000000,4,2,6,1,3,2017,161956640
925000,1,0,6,3,3,2017,26817106
1400000,3,2,6,1,3,2017,45582040
2000000,3,2,6,1,3,2017,22791020
520000,3,0,6,1,1,2017,20149348
520000,1,1,6,1,1,2017,20149348
625000,2,2,6,4,1,2017,22776660
1700000,3,5,6,1,1,2017,51459152
615000,3,2,6,1,3,2017,20149348
1000000,3,2,6,1,1,2017,20149348
1250000,3,1,6,4,1,2017,47591524
850000,2,1,6,1,1,2017,20149348
850000,2,1,6,3,3,2017,26086164
2000000,2,1,6,3,3,2017,33088564
2000000,2,1,6,3,3,2017,22791020
2220000,2,1,6,1,1,2017,20149348
355000,1,0,6,1,1,2017,29046784
600000,2,1,6,1,3,2017,45582040
450000,2,0,6,1,1,2017,47098904
370000,2,0,6,1,1,2017,24182410
420000,2,0,6,1,1,2017,42785884
1400000,2,2,6,3,3,2017,20149348
6387127,2,2,6,2,3,2017,45582040
1500000,1,0,6,1,1,2017,45582040
1100000,2,2,6,1,3,2017,45582040
850000,3,2,6,1,1,2017,45582040
1200000,3,1,6,1,1,2017,101907808
1200000,3,1,6,4,3,2017,105936656
2000000,3,3,6,1,3,2017,47043704
1800000,3,1,6,3,3,2017,89990208
1500000,3,1,6,1,3,2017,45582040
550000,2,1,6,1,1,2017,20149348
1300000,3,1,6,1,3,2017,33088564
1200000,3,2,6,1,3,2017,22791020
750000,2,1,6,1,3,2017,20149348
1010000,2,2,6,1,1,2017,20149348
120000,2,1,6,1,1,2017,21507510
3300000,4,2,6,1,3,2017,161956640
1500000,4,1,6,4,3,2017,28379368
1000000,3,0,6,3,1,2017,162199072
1000000,2,1,6,4,3,2017,45582040
1200000,3,1,6,1,3,2017,88721984
1200000,2,0,6,1,3,2017,20149348
975000,3,1,6,1,1,2017,66177128
1425000,3,1,6,4,1,2017,45582040
3500000,5,3,6,1,3,2017,71555160
3750000,4,1,6,1,3,2017,42451944
2100000,3,1,6,1,1,2017,156924576
6387127,6,2,6,1,3,2017,146483312
6387127,3,2,6,1,3,2017,45582040
3000000,3,4,6,1,3,2017,47014064
450000,2,0,6,1,3,2017,24197656
425000,2,1,6,3,3,2017,57738080
425000,4,2,6,1,3,2017,112474944
1000000,2,2,6,1,3,2017,45582040
1400000,3,0,6,1,3,2017,40298696
1500000,3,1,6,1,3,2017,45582040
700000,2,1,6,1,1,2017,20149348
700000,2,1,6,1,3,2017,45582040
799000,2,1,6,1,1,2017,45582040
1400000,3,1,6,2,3,2017,45582040
900000,3,0,6,1,3,2017,20149348
900000,4,1,6,1,3,2017,22791020
6387127,4,4,6,1,1,2017,24627656
6387127,3,2,6,1,3,2017,22791020
9999999,6,2,6,1,1,2017,48750008
1000000,3,1,6,1,3,2017,149181504
2500000,2,0,6,4,3,2017,89434864
2300000,5,1,6,1,1,2017,41590940
865000,2,1,6,1,3,2017,20149348
625000,2,1,6,1,3,2017,20149348
700000,2,1,6,1,3,2017,20149348
500000,2,1,6,1,1,2017,20149348
1500000,3,3,6,4,3,2017,163017568
1500000,3,3,6,1,3,2017,115127920
1100000,3,1,6,1,3,2017,151310384
3200000,3,1,6,1,3,2017,45553320
1600000,2,1,6,1,3,2017,76786528
1250000,2,0,6,1,1,2017,27358262
1000000,2,1,6,1,3,2017,20149348
1500000,2,1,6,1,3,2017,40298696
1100000,3,1,6,1,3,2017,151310384
850000,2,1,6,1,1,2017,40298696
813000,3,1,6,1,1,2017,156924576
2000000,3,2,6,1,1,2017,20149348
2000000,4,2,6,1,1,2017,47043704
310000,1,0,6,4,1,2017,24182410
310000,2,1,6,1,3,2017,57379448
325000,1,1,6,1,3,2017,24197656
1300000,1,0,6,1,3,2017,22791020
2000000,3,3,6,1,3,2017,47043704
1200000,3,1,6,1,3,2017,80222200
630000,3,1,6,1,1,2017,20149348
36000,2,1,6,1,3,2017,19172408
600000,2,0,6,4,3,2017,54716524
1450000,3,0,6,1,3,2017,45582040
475000,2,1,6,1,3,2017,42785884
350000,2,0,6,1,3,2017,42785884
400000,2,0,6,1,1,2017,24197656
850000,2,1,6,1,1,2017,23795760
2000000,4,3,6,1,3,2017,155464896
9999999,3,1,6,3,3,2017,91840496
750000,3,0,7,1,1,2017,54471148
500000,3,1,7,4,1,2017,54471148
530000,3,1,7,4,1,2017,81779224
200000,2,0,7,1,1,2017,23763396
350000,2,1,7,1,1,2017,24242882
1000000,3,2,7,1,1,2017,27235572
2200000,3,1,7,1,3,2017,54471148
850000,4,1,7,1,1,2017,113093272
625000,2,1,7,2,3,2017,22833616
990000,4,3,7,1,1,2017,162315008
500000,3,1,7,2,3,2017,22833616
700000,2,2,7,1,1,2017,22833616
1200000,4,1,7,1,3,2017,24146352
1200000,3,1,7,1,3,2017,54471148
2000000,2,2,7,2,3,2017,21569984
650000,2,0,7,2,1,2017,22833616
2000000,2,0,7,1,3,2017,81779224
9999999,4,2,7,1,1,2017,19562844
1000000,4,1,7,1,3,2017,105364880
6387127,5,3,7,1,1,2017,95090744
750000,2,1,7,1,3,2017,28747492
9999999,2,0,7,2,3,2017,75220664
9999999,1,0,7,3,1,2017,85016616
120000,3,1,7,4,1,2017,58142764
120000,3,1,7,4,3,2017,44658104
100000,3,1,7,2,3,2017,29071382
50000,3,1,7,2,3,2017,23867558
70000,3,1,7,2,1,2017,89671024
200000,4,1,7,3,1,2017,137139792
450000,3,1,7,1,1,2017,97970616
350000,2,1,7,3,1,2017,71540352
350000,2,1,7,2,3,2017,24242882
275000,3,2,7,2,3,2017,25856746
1300000,4,1,8,1,3,2017,48292704
900000,4,1,8,2,1,2017,22833616
650000,3,0,8,3,1,2017,90215248
700000,4,1,8,1,1,2017,27235572
550000,3,1,8,2,1,2017,66242408
500000,5,2,8,2,1,2017,24920646
2500000,3,3,8,3,1,2017,290876160
2000000,4,0,8,2,3,2017,58190468
2000000,4,1,8,2,3,2017,44019844
929000,3,1,8,2,1,2017,22833616
600000,1,2,8,2,1,2017,22833616
2000000,3,1,8,2,1,2017,52172328
9999999,3,1,8,2,1,2017,129171808
2400000,3,0,8,2,3,2017,47499212
100000,4,1,8,2,1,2017,19146350
375000,3,1,8,2,1,2017,53651220
25000,3,2,8,2,3,2017,20242104
40000,3,2,8,2,1,2017,77585728
140000,3,1,8,2,3,2017,64694160
140000,3,1,8,2,3,2017,77297424
45000,2,1,8,2,1,2017,21726532
40000,3,1,8,2,3,2017,63030656
40000,2,1,8,2,1,2017,22318944
40000,4,1,8,4,3,2017,146202048
9999999,3,1,8,4,1,2017,44654060
2000000,3,1,8,4,3,2017,96955832
6387127,2,2,8,2,3,2017,54471148
6387127,2,2,8,2,3,2017,22833616
1100000,3,1,8,2,3,2017,103335248
1500000,3,1,8,2,1,2017,54471148
1500000,3,1,8,2,1,2017,46912432
1500000,3,1,8,2,1,2017,45553320
9999999,3,1,8,3,1,2017,56459280
200000,5,1,8,2,3,2017,25024652
400000,4,1,8,2,1,2017,32174772
9999999,3,1,8,2,1,2017,26028426
300000,3,1,8,2,1,2017,73196120
9999999,3,0,8,2,1,2017,97499984
2500,4,0,8,2,3,2017,69188392
2500,3,0,8,1,3,2017,80358056
9999999,3,1,8,2,3,2017,95086440
3400000,5,3,9,1,3,2017,119392040
2000000,4,2,9,1,3,2017,98925544
950000,3,3,9,3,3,2017,59338656
2500000,4,2,9,1,3,2017,167084304
1000000,3,1,9,1,3,2017,48292704
15000,2,1,9,2,1,2017,50813844
15000,2,1,9,2,3,2017,25406922
15000,2,0,9,2,3,2017,17985008
20000,2,1,9,2,3,2017,17985008
900000,3,2,9,1,3,2017,22833616
500000,3,2,9,1,3,2017,140841440
465000,2,1,9,1,3,2017,24242882
1900000,3,2,9,1,3,2017,21700250
7800,1,1,9,4,1,2017,47146728
7800,2,1,9,2,3,2017,44310020
500000,4,2,9,3,3,2017,132713312
500000,4,2,9,3,1,2017,142975200
500000,5,3,9,2,3,2017,177085680
1900000,4,1,9,2,3,2017,22833616
100000,3,1,9,2,3,2017,45414976
100000,3,1,9,4,1,2017,119815696
100000,2,1,9,2,1,2017,20579000
100000,3,1,9,2,3,2017,35745216
13000,3,1,9,3,3,2017,54927824
13000,4,1,9,1,1,2017,66069256
13000,3,1,9,3,3,2017,109855648
9999999,2,0,9,2,1,2017,22355892
1900000,4,1,10,1,3,2017,27378882
800000,3,1,10,1,1,2017,87197664
1000000,3,3,10,1,3,2017,56217856
600000,2,0,10,3,1,2017,204853376
800000,3,1,10,1,1,2017,54471148
500000,3,1,10,1,1,2017,27378882
1000000,3,1,10,1,3,2017,54471148
57500,3,1,10,1,1,2017,58448704
275000,2,0,10,1,1,2017,23704118
450000,1,1,10,1,1,2017,29068676
425000,2,1,10,3,3,2017,29068676
750000,4,2,10,1,1,2017,89038744
265000,2,1,10,1,1,2017,56987484
325000,2,1,10,1,3,2017,29086260
675000,1,0,10,1,1,2017,40777316
950000,3,1,10,1,3,2017,93235104
850000,4,4,10,3,1,2017,59207776
125000,3,1,10,2,3,2017,70059336
50000,3,1,10,3,1,2017,92910304
50000,2,1,10,3,1,2017,29224352
625000,3,1,10,1,1,2017,54471148
450000,2,1,10,1,1,2017,25636638
800000,3,1,10,1,1,2017,83047200
755000,3,0,10,1,3,2017,63660364
725000,4,0,10,1,3,2017,125200632
25500,3,1,10,2,1,2017,22975620
170000,2,0,10,3,1,2017,19146350
35000,4,1,10,3,1,2017,156938880
35000,2,1,10,3,3,2017,59975292
600000,5,1,10,4,1,2017,134181624
50000,3,1,10,3,3,2017,130174400
55000,4,1,10,3,3,2017,80936504
250000,3,1,10,3,3,2017,90587544
250000,5,1,10,3,3,2017,131119720
9999999,3,1,10,3,3,2017,39119356
9999999,3,1,10,3,1,2017,19559678
9999999,2,1,10,2,1,2017,31766930
9999999,3,1,10,3,3,2017,37844384
9999999,3,1,10,3,3,2017,46785200
9999999,2,0,10,3,1,2017,22733536
250000,2,1,3,1,3,2017,27403056
6387127,4,1,3,1,1,2017,95039024
1300000,2,1,3,1,3,2017,67944000
750000,2,1,4,1,1,2017,63660364
1700000,4,1,5,1,1,2017,81916008
1700000,3,2,5,4,1,2017,24685720
950000,3,1,5,1,3,2017,49371440
2000000,3,2,5,1,3,2017,50310692
6387127,5,3,5,1,3,2017,59883008
1300000,3,3,6,1,3,2017,62166072
800000,2,1,6,1,3,2017,22791020
6387127,7,1,5,4,3,2017,63891648
1700000,3,1,1,4,3,2017,104482912
2000000,2,1,1,1,1,2017,52002200
2100000,3,1,1,1,3,2017,118900192
2000000,3,0,5,1,3,2017,52002200
6387127,4,1,3,4,3,2017,53221872
6387127,4,2,3,1,3,2017,126204016
2100000,4,0,8,1,1,2017,126204016
9999999,1,0,7,3,1,2017,541190
9999999,3,0,8,2,1,2017,1661036
9999999,2,1,8,4,3,2017,541190
9999999,1,0,8,3,3,2017,541190
9999999,3,0,8,2,1,2017,541190
9999999,2,1,10,2,3,2017,541190
9999999,2,0,10,3,1,2017,541190
9999999,3,1,10,3,1,2017,1510373